/*
Navicat MySQL Data Transfer

Source Server         : Desarrollo 01
Source Server Version : 50558
Source Host           : 181.181.0.30:3306
Source Database       : eco_productiva

Target Server Type    : MYSQL
Target Server Version : 50558
File Encoding         : 65001

Date: 2018-04-05 12:25:13
*/

SET FOREIGN_KEY_CHECKS=0;

-- ----------------------------
-- Table structure for ciudades
-- ----------------------------
DROP TABLE IF EXISTS `ciudades`;
CREATE TABLE `ciudades` (
  `id_ciudad` int(11) NOT NULL AUTO_INCREMENT,
  `id_estado` int(11) NOT NULL,
  `ciudad` varchar(200) NOT NULL,
  `capital` tinyint(1) NOT NULL DEFAULT '0',
  PRIMARY KEY (`id_ciudad`),
  KEY `id_estado` (`id_estado`) USING BTREE
) ENGINE=InnoDB AUTO_INCREMENT=523 DEFAULT CHARSET=utf8;

-- ----------------------------
-- Records of ciudades
-- ----------------------------
INSERT INTO `ciudades` VALUES ('1', '1', 'Maroa', '0');
INSERT INTO `ciudades` VALUES ('2', '1', 'Puerto Ayacucho', '1');
INSERT INTO `ciudades` VALUES ('3', '1', 'San Fernando de Atabapo', '0');
INSERT INTO `ciudades` VALUES ('4', '2', 'Anaco', '0');
INSERT INTO `ciudades` VALUES ('5', '2', 'Aragua de Barcelona', '0');
INSERT INTO `ciudades` VALUES ('6', '2', 'Barcelona', '1');
INSERT INTO `ciudades` VALUES ('7', '2', 'Boca de Uchire', '0');
INSERT INTO `ciudades` VALUES ('8', '2', 'Cantaura', '0');
INSERT INTO `ciudades` VALUES ('9', '2', 'Clarines', '0');
INSERT INTO `ciudades` VALUES ('10', '2', 'El Chaparro', '0');
INSERT INTO `ciudades` VALUES ('11', '2', 'El Pao Anzoátegui', '0');
INSERT INTO `ciudades` VALUES ('12', '2', 'El Tigre', '0');
INSERT INTO `ciudades` VALUES ('13', '2', 'El Tigrito', '0');
INSERT INTO `ciudades` VALUES ('14', '2', 'Guanape', '0');
INSERT INTO `ciudades` VALUES ('15', '2', 'Guanta', '0');
INSERT INTO `ciudades` VALUES ('16', '2', 'Lechería', '0');
INSERT INTO `ciudades` VALUES ('17', '2', 'Onoto', '0');
INSERT INTO `ciudades` VALUES ('18', '2', 'Pariaguán', '0');
INSERT INTO `ciudades` VALUES ('19', '2', 'Píritu', '0');
INSERT INTO `ciudades` VALUES ('20', '2', 'Puerto La Cruz', '0');
INSERT INTO `ciudades` VALUES ('21', '2', 'Puerto Píritu', '0');
INSERT INTO `ciudades` VALUES ('22', '2', 'Sabana de Uchire', '0');
INSERT INTO `ciudades` VALUES ('23', '2', 'San Mateo Anzoátegui', '0');
INSERT INTO `ciudades` VALUES ('24', '2', 'San Pablo Anzoátegui', '0');
INSERT INTO `ciudades` VALUES ('25', '2', 'San Tomé', '0');
INSERT INTO `ciudades` VALUES ('26', '2', 'Santa Ana de Anzoátegui', '0');
INSERT INTO `ciudades` VALUES ('27', '2', 'Santa Fe Anzoátegui', '0');
INSERT INTO `ciudades` VALUES ('28', '2', 'Santa Rosa', '0');
INSERT INTO `ciudades` VALUES ('29', '2', 'Soledad', '0');
INSERT INTO `ciudades` VALUES ('30', '2', 'Urica', '0');
INSERT INTO `ciudades` VALUES ('31', '2', 'Valle de Guanape', '0');
INSERT INTO `ciudades` VALUES ('43', '3', 'Achaguas', '0');
INSERT INTO `ciudades` VALUES ('44', '3', 'Biruaca', '0');
INSERT INTO `ciudades` VALUES ('45', '3', 'Bruzual', '0');
INSERT INTO `ciudades` VALUES ('46', '3', 'El Amparo', '0');
INSERT INTO `ciudades` VALUES ('47', '3', 'El Nula', '0');
INSERT INTO `ciudades` VALUES ('48', '3', 'Elorza', '0');
INSERT INTO `ciudades` VALUES ('49', '3', 'Guasdualito', '0');
INSERT INTO `ciudades` VALUES ('50', '3', 'Mantecal', '0');
INSERT INTO `ciudades` VALUES ('51', '3', 'Puerto Páez', '0');
INSERT INTO `ciudades` VALUES ('52', '3', 'San Fernando de Apure', '1');
INSERT INTO `ciudades` VALUES ('53', '3', 'San Juan de Payara', '0');
INSERT INTO `ciudades` VALUES ('54', '4', 'Barbacoas', '0');
INSERT INTO `ciudades` VALUES ('55', '4', 'Cagua', '0');
INSERT INTO `ciudades` VALUES ('56', '4', 'Camatagua', '0');
INSERT INTO `ciudades` VALUES ('58', '4', 'Choroní', '0');
INSERT INTO `ciudades` VALUES ('59', '4', 'Colonia Tovar', '0');
INSERT INTO `ciudades` VALUES ('60', '4', 'El Consejo', '0');
INSERT INTO `ciudades` VALUES ('61', '4', 'La Victoria', '0');
INSERT INTO `ciudades` VALUES ('62', '4', 'Las Tejerías', '0');
INSERT INTO `ciudades` VALUES ('63', '4', 'Magdaleno', '0');
INSERT INTO `ciudades` VALUES ('64', '4', 'Maracay', '1');
INSERT INTO `ciudades` VALUES ('65', '4', 'Ocumare de La Costa', '0');
INSERT INTO `ciudades` VALUES ('66', '4', 'Palo Negro', '0');
INSERT INTO `ciudades` VALUES ('67', '4', 'San Casimiro', '0');
INSERT INTO `ciudades` VALUES ('68', '4', 'San Mateo', '0');
INSERT INTO `ciudades` VALUES ('69', '4', 'San Sebastián', '0');
INSERT INTO `ciudades` VALUES ('70', '4', 'Santa Cruz de Aragua', '0');
INSERT INTO `ciudades` VALUES ('71', '4', 'Tocorón', '0');
INSERT INTO `ciudades` VALUES ('72', '4', 'Turmero', '0');
INSERT INTO `ciudades` VALUES ('73', '4', 'Villa de Cura', '0');
INSERT INTO `ciudades` VALUES ('74', '4', 'Zuata', '0');
INSERT INTO `ciudades` VALUES ('75', '5', 'Barinas', '1');
INSERT INTO `ciudades` VALUES ('76', '5', 'Barinitas', '0');
INSERT INTO `ciudades` VALUES ('77', '5', 'Barrancas', '0');
INSERT INTO `ciudades` VALUES ('78', '5', 'Calderas', '0');
INSERT INTO `ciudades` VALUES ('79', '5', 'Capitanejo', '0');
INSERT INTO `ciudades` VALUES ('80', '5', 'Ciudad Bolivia', '0');
INSERT INTO `ciudades` VALUES ('81', '5', 'El Cantón', '0');
INSERT INTO `ciudades` VALUES ('82', '5', 'Las Veguitas', '0');
INSERT INTO `ciudades` VALUES ('83', '5', 'Libertad de Barinas', '0');
INSERT INTO `ciudades` VALUES ('84', '5', 'Sabaneta', '0');
INSERT INTO `ciudades` VALUES ('85', '5', 'Santa Bárbara de Barinas', '0');
INSERT INTO `ciudades` VALUES ('86', '5', 'Socopó', '0');
INSERT INTO `ciudades` VALUES ('87', '6', 'Caicara del Orinoco', '0');
INSERT INTO `ciudades` VALUES ('88', '6', 'Canaima', '0');
INSERT INTO `ciudades` VALUES ('89', '6', 'Ciudad Bolívar', '1');
INSERT INTO `ciudades` VALUES ('90', '6', 'Ciudad Piar', '0');
INSERT INTO `ciudades` VALUES ('91', '6', 'El Callao', '0');
INSERT INTO `ciudades` VALUES ('92', '6', 'El Dorado', '0');
INSERT INTO `ciudades` VALUES ('93', '6', 'El Manteco', '0');
INSERT INTO `ciudades` VALUES ('94', '6', 'El Palmar', '0');
INSERT INTO `ciudades` VALUES ('95', '6', 'El Pao', '0');
INSERT INTO `ciudades` VALUES ('96', '6', 'Guasipati', '0');
INSERT INTO `ciudades` VALUES ('97', '6', 'Guri', '0');
INSERT INTO `ciudades` VALUES ('98', '6', 'La Paragua', '0');
INSERT INTO `ciudades` VALUES ('99', '6', 'Matanzas', '0');
INSERT INTO `ciudades` VALUES ('100', '6', 'Puerto Ordaz', '0');
INSERT INTO `ciudades` VALUES ('101', '6', 'San Félix', '0');
INSERT INTO `ciudades` VALUES ('102', '6', 'Santa Elena de Uairén', '0');
INSERT INTO `ciudades` VALUES ('103', '6', 'Tumeremo', '0');
INSERT INTO `ciudades` VALUES ('104', '6', 'Unare', '0');
INSERT INTO `ciudades` VALUES ('105', '6', 'Upata', '0');
INSERT INTO `ciudades` VALUES ('106', '7', 'Bejuma', '0');
INSERT INTO `ciudades` VALUES ('107', '7', 'Belén', '0');
INSERT INTO `ciudades` VALUES ('108', '7', 'Campo de Carabobo', '0');
INSERT INTO `ciudades` VALUES ('109', '7', 'Canoabo', '0');
INSERT INTO `ciudades` VALUES ('110', '7', 'Central Tacarigua', '0');
INSERT INTO `ciudades` VALUES ('111', '7', 'Chirgua', '0');
INSERT INTO `ciudades` VALUES ('112', '7', 'Ciudad Alianza', '0');
INSERT INTO `ciudades` VALUES ('113', '7', 'El Palito', '0');
INSERT INTO `ciudades` VALUES ('114', '7', 'Guacara', '0');
INSERT INTO `ciudades` VALUES ('115', '7', 'Guigue', '0');
INSERT INTO `ciudades` VALUES ('116', '7', 'Las Trincheras', '0');
INSERT INTO `ciudades` VALUES ('117', '7', 'Los Guayos', '0');
INSERT INTO `ciudades` VALUES ('118', '7', 'Mariara', '0');
INSERT INTO `ciudades` VALUES ('119', '7', 'Miranda', '0');
INSERT INTO `ciudades` VALUES ('120', '7', 'Montalbán', '0');
INSERT INTO `ciudades` VALUES ('121', '7', 'Morón', '0');
INSERT INTO `ciudades` VALUES ('122', '7', 'Naguanagua', '0');
INSERT INTO `ciudades` VALUES ('123', '7', 'Puerto Cabello', '0');
INSERT INTO `ciudades` VALUES ('124', '7', 'San Joaquín', '0');
INSERT INTO `ciudades` VALUES ('125', '7', 'Tocuyito', '0');
INSERT INTO `ciudades` VALUES ('126', '7', 'Urama', '0');
INSERT INTO `ciudades` VALUES ('127', '7', 'Valencia', '1');
INSERT INTO `ciudades` VALUES ('128', '7', 'Vigirimita', '0');
INSERT INTO `ciudades` VALUES ('129', '8', 'Aguirre', '0');
INSERT INTO `ciudades` VALUES ('130', '8', 'Apartaderos Cojedes', '0');
INSERT INTO `ciudades` VALUES ('131', '8', 'Arismendi', '0');
INSERT INTO `ciudades` VALUES ('132', '8', 'Camuriquito', '0');
INSERT INTO `ciudades` VALUES ('133', '8', 'El Baúl', '0');
INSERT INTO `ciudades` VALUES ('134', '8', 'El Limón', '0');
INSERT INTO `ciudades` VALUES ('135', '8', 'El Pao Cojedes', '0');
INSERT INTO `ciudades` VALUES ('136', '8', 'El Socorro', '0');
INSERT INTO `ciudades` VALUES ('137', '8', 'La Aguadita', '0');
INSERT INTO `ciudades` VALUES ('138', '8', 'Las Vegas', '0');
INSERT INTO `ciudades` VALUES ('139', '8', 'Libertad de Cojedes', '0');
INSERT INTO `ciudades` VALUES ('140', '8', 'Mapuey', '0');
INSERT INTO `ciudades` VALUES ('141', '8', 'Piñedo', '0');
INSERT INTO `ciudades` VALUES ('142', '8', 'Samancito', '0');
INSERT INTO `ciudades` VALUES ('143', '8', 'San Carlos', '1');
INSERT INTO `ciudades` VALUES ('144', '8', 'Sucre', '0');
INSERT INTO `ciudades` VALUES ('145', '8', 'Tinaco', '0');
INSERT INTO `ciudades` VALUES ('146', '8', 'Tinaquillo', '0');
INSERT INTO `ciudades` VALUES ('147', '8', 'Vallecito', '0');
INSERT INTO `ciudades` VALUES ('148', '9', 'Tucupita', '1');
INSERT INTO `ciudades` VALUES ('149', '24', 'Caracas', '1');
INSERT INTO `ciudades` VALUES ('150', '24', 'El Junquito', '0');
INSERT INTO `ciudades` VALUES ('151', '10', 'Adícora', '0');
INSERT INTO `ciudades` VALUES ('152', '10', 'Boca de Aroa', '0');
INSERT INTO `ciudades` VALUES ('153', '10', 'Cabure', '0');
INSERT INTO `ciudades` VALUES ('154', '10', 'Capadare', '0');
INSERT INTO `ciudades` VALUES ('155', '10', 'Capatárida', '0');
INSERT INTO `ciudades` VALUES ('156', '10', 'Chichiriviche', '0');
INSERT INTO `ciudades` VALUES ('157', '10', 'Churuguara', '0');
INSERT INTO `ciudades` VALUES ('158', '10', 'Coro', '1');
INSERT INTO `ciudades` VALUES ('159', '10', 'Cumarebo', '0');
INSERT INTO `ciudades` VALUES ('160', '10', 'Dabajuro', '0');
INSERT INTO `ciudades` VALUES ('161', '10', 'Judibana', '0');
INSERT INTO `ciudades` VALUES ('162', '10', 'La Cruz de Taratara', '0');
INSERT INTO `ciudades` VALUES ('163', '10', 'La Vela de Coro', '0');
INSERT INTO `ciudades` VALUES ('164', '10', 'Los Taques', '0');
INSERT INTO `ciudades` VALUES ('165', '10', 'Maparari', '0');
INSERT INTO `ciudades` VALUES ('166', '10', 'Mene de Mauroa', '0');
INSERT INTO `ciudades` VALUES ('167', '10', 'Mirimire', '0');
INSERT INTO `ciudades` VALUES ('168', '10', 'Pedregal', '0');
INSERT INTO `ciudades` VALUES ('169', '10', 'Píritu Falcón', '0');
INSERT INTO `ciudades` VALUES ('170', '10', 'Pueblo Nuevo Falcón', '0');
INSERT INTO `ciudades` VALUES ('171', '10', 'Puerto Cumarebo', '0');
INSERT INTO `ciudades` VALUES ('172', '10', 'Punta Cardón', '0');
INSERT INTO `ciudades` VALUES ('173', '10', 'Punto Fijo', '0');
INSERT INTO `ciudades` VALUES ('174', '10', 'San Juan de Los Cayos', '0');
INSERT INTO `ciudades` VALUES ('175', '10', 'San Luis', '0');
INSERT INTO `ciudades` VALUES ('176', '10', 'Santa Ana Falcón', '0');
INSERT INTO `ciudades` VALUES ('177', '10', 'Santa Cruz De Bucaral', '0');
INSERT INTO `ciudades` VALUES ('178', '10', 'Tocopero', '0');
INSERT INTO `ciudades` VALUES ('179', '10', 'Tocuyo de La Costa', '0');
INSERT INTO `ciudades` VALUES ('180', '10', 'Tucacas', '0');
INSERT INTO `ciudades` VALUES ('181', '10', 'Yaracal', '0');
INSERT INTO `ciudades` VALUES ('182', '11', 'Altagracia de Orituco', '0');
INSERT INTO `ciudades` VALUES ('183', '11', 'Cabruta', '0');
INSERT INTO `ciudades` VALUES ('184', '11', 'Calabozo', '0');
INSERT INTO `ciudades` VALUES ('185', '11', 'Camaguán', '0');
INSERT INTO `ciudades` VALUES ('196', '11', 'Chaguaramas Guárico', '0');
INSERT INTO `ciudades` VALUES ('197', '11', 'El Socorro', '0');
INSERT INTO `ciudades` VALUES ('198', '11', 'El Sombrero', '0');
INSERT INTO `ciudades` VALUES ('199', '11', 'Las Mercedes de Los Llanos', '0');
INSERT INTO `ciudades` VALUES ('200', '11', 'Lezama', '0');
INSERT INTO `ciudades` VALUES ('201', '11', 'Onoto', '0');
INSERT INTO `ciudades` VALUES ('202', '11', 'Ortíz', '0');
INSERT INTO `ciudades` VALUES ('203', '11', 'San José de Guaribe', '0');
INSERT INTO `ciudades` VALUES ('204', '11', 'San Juan de Los Morros', '1');
INSERT INTO `ciudades` VALUES ('205', '11', 'San Rafael de Laya', '0');
INSERT INTO `ciudades` VALUES ('206', '11', 'Santa María de Ipire', '0');
INSERT INTO `ciudades` VALUES ('207', '11', 'Tucupido', '0');
INSERT INTO `ciudades` VALUES ('208', '11', 'Valle de La Pascua', '0');
INSERT INTO `ciudades` VALUES ('209', '11', 'Zaraza', '0');
INSERT INTO `ciudades` VALUES ('210', '12', 'Aguada Grande', '0');
INSERT INTO `ciudades` VALUES ('211', '12', 'Atarigua', '0');
INSERT INTO `ciudades` VALUES ('212', '12', 'Barquisimeto', '1');
INSERT INTO `ciudades` VALUES ('213', '12', 'Bobare', '0');
INSERT INTO `ciudades` VALUES ('214', '12', 'Cabudare', '0');
INSERT INTO `ciudades` VALUES ('215', '12', 'Carora', '0');
INSERT INTO `ciudades` VALUES ('216', '12', 'Cubiro', '0');
INSERT INTO `ciudades` VALUES ('217', '12', 'Cují', '0');
INSERT INTO `ciudades` VALUES ('218', '12', 'Duaca', '0');
INSERT INTO `ciudades` VALUES ('219', '12', 'El Manzano', '0');
INSERT INTO `ciudades` VALUES ('220', '12', 'El Tocuyo', '0');
INSERT INTO `ciudades` VALUES ('221', '12', 'Guaríco', '0');
INSERT INTO `ciudades` VALUES ('222', '12', 'Humocaro Alto', '0');
INSERT INTO `ciudades` VALUES ('223', '12', 'Humocaro Bajo', '0');
INSERT INTO `ciudades` VALUES ('224', '12', 'La Miel', '0');
INSERT INTO `ciudades` VALUES ('225', '12', 'Moroturo', '0');
INSERT INTO `ciudades` VALUES ('226', '12', 'Quíbor', '0');
INSERT INTO `ciudades` VALUES ('227', '12', 'Río Claro', '0');
INSERT INTO `ciudades` VALUES ('228', '12', 'Sanare', '0');
INSERT INTO `ciudades` VALUES ('229', '12', 'Santa Inés', '0');
INSERT INTO `ciudades` VALUES ('230', '12', 'Sarare', '0');
INSERT INTO `ciudades` VALUES ('231', '12', 'Siquisique', '0');
INSERT INTO `ciudades` VALUES ('232', '12', 'Tintorero', '0');
INSERT INTO `ciudades` VALUES ('233', '13', 'Apartaderos Mérida', '0');
INSERT INTO `ciudades` VALUES ('234', '13', 'Arapuey', '0');
INSERT INTO `ciudades` VALUES ('235', '13', 'Bailadores', '0');
INSERT INTO `ciudades` VALUES ('236', '13', 'Caja Seca', '0');
INSERT INTO `ciudades` VALUES ('237', '13', 'Canaguá', '0');
INSERT INTO `ciudades` VALUES ('238', '13', 'Chachopo', '0');
INSERT INTO `ciudades` VALUES ('239', '13', 'Chiguara', '0');
INSERT INTO `ciudades` VALUES ('240', '13', 'Ejido', '0');
INSERT INTO `ciudades` VALUES ('241', '13', 'El Vigía', '0');
INSERT INTO `ciudades` VALUES ('242', '13', 'La Azulita', '0');
INSERT INTO `ciudades` VALUES ('243', '13', 'La Playa', '0');
INSERT INTO `ciudades` VALUES ('244', '13', 'Lagunillas Mérida', '0');
INSERT INTO `ciudades` VALUES ('245', '13', 'Mérida', '1');
INSERT INTO `ciudades` VALUES ('246', '13', 'Mesa de Bolívar', '0');
INSERT INTO `ciudades` VALUES ('247', '13', 'Mucuchíes', '0');
INSERT INTO `ciudades` VALUES ('248', '13', 'Mucujepe', '0');
INSERT INTO `ciudades` VALUES ('249', '13', 'Mucuruba', '0');
INSERT INTO `ciudades` VALUES ('250', '13', 'Nueva Bolivia', '0');
INSERT INTO `ciudades` VALUES ('251', '13', 'Palmarito', '0');
INSERT INTO `ciudades` VALUES ('252', '13', 'Pueblo Llano', '0');
INSERT INTO `ciudades` VALUES ('253', '13', 'Santa Cruz de Mora', '0');
INSERT INTO `ciudades` VALUES ('254', '13', 'Santa Elena de Arenales', '0');
INSERT INTO `ciudades` VALUES ('255', '13', 'Santo Domingo', '0');
INSERT INTO `ciudades` VALUES ('256', '13', 'Tabáy', '0');
INSERT INTO `ciudades` VALUES ('257', '13', 'Timotes', '0');
INSERT INTO `ciudades` VALUES ('258', '13', 'Torondoy', '0');
INSERT INTO `ciudades` VALUES ('259', '13', 'Tovar', '0');
INSERT INTO `ciudades` VALUES ('260', '13', 'Tucani', '0');
INSERT INTO `ciudades` VALUES ('261', '13', 'Zea', '0');
INSERT INTO `ciudades` VALUES ('262', '14', 'Araguita', '0');
INSERT INTO `ciudades` VALUES ('263', '14', 'Carrizal', '0');
INSERT INTO `ciudades` VALUES ('264', '14', 'Caucagua', '0');
INSERT INTO `ciudades` VALUES ('265', '14', 'Chaguaramas Miranda', '0');
INSERT INTO `ciudades` VALUES ('266', '14', 'Charallave', '0');
INSERT INTO `ciudades` VALUES ('267', '14', 'Chirimena', '0');
INSERT INTO `ciudades` VALUES ('268', '14', 'Chuspa', '0');
INSERT INTO `ciudades` VALUES ('269', '14', 'Cúa', '0');
INSERT INTO `ciudades` VALUES ('270', '14', 'Cupira', '0');
INSERT INTO `ciudades` VALUES ('271', '14', 'Curiepe', '0');
INSERT INTO `ciudades` VALUES ('272', '14', 'El Guapo', '0');
INSERT INTO `ciudades` VALUES ('273', '14', 'El Jarillo', '0');
INSERT INTO `ciudades` VALUES ('274', '14', 'Filas de Mariche', '0');
INSERT INTO `ciudades` VALUES ('275', '14', 'Guarenas', '0');
INSERT INTO `ciudades` VALUES ('276', '14', 'Guatire', '0');
INSERT INTO `ciudades` VALUES ('277', '14', 'Higuerote', '0');
INSERT INTO `ciudades` VALUES ('278', '14', 'Los Anaucos', '0');
INSERT INTO `ciudades` VALUES ('279', '14', 'Los Teques', '1');
INSERT INTO `ciudades` VALUES ('280', '14', 'Ocumare del Tuy', '0');
INSERT INTO `ciudades` VALUES ('281', '14', 'Panaquire', '0');
INSERT INTO `ciudades` VALUES ('282', '14', 'Paracotos', '0');
INSERT INTO `ciudades` VALUES ('283', '14', 'Río Chico', '0');
INSERT INTO `ciudades` VALUES ('284', '14', 'San Antonio de Los Altos', '0');
INSERT INTO `ciudades` VALUES ('285', '14', 'San Diego de Los Altos', '0');
INSERT INTO `ciudades` VALUES ('286', '14', 'San Fernando del Guapo', '0');
INSERT INTO `ciudades` VALUES ('287', '14', 'San Francisco de Yare', '0');
INSERT INTO `ciudades` VALUES ('288', '14', 'San José de Los Altos', '0');
INSERT INTO `ciudades` VALUES ('289', '14', 'San José de Río Chico', '0');
INSERT INTO `ciudades` VALUES ('290', '14', 'San Pedro de Los Altos', '0');
INSERT INTO `ciudades` VALUES ('291', '14', 'Santa Lucía', '0');
INSERT INTO `ciudades` VALUES ('292', '14', 'Santa Teresa', '0');
INSERT INTO `ciudades` VALUES ('293', '14', 'Tacarigua de La Laguna', '0');
INSERT INTO `ciudades` VALUES ('294', '14', 'Tacarigua de Mamporal', '0');
INSERT INTO `ciudades` VALUES ('295', '14', 'Tácata', '0');
INSERT INTO `ciudades` VALUES ('296', '14', 'Turumo', '0');
INSERT INTO `ciudades` VALUES ('297', '15', 'Aguasay', '0');
INSERT INTO `ciudades` VALUES ('298', '15', 'Aragua de Maturín', '0');
INSERT INTO `ciudades` VALUES ('299', '15', 'Barrancas del Orinoco', '0');
INSERT INTO `ciudades` VALUES ('300', '15', 'Caicara de Maturín', '0');
INSERT INTO `ciudades` VALUES ('301', '15', 'Caripe', '0');
INSERT INTO `ciudades` VALUES ('302', '15', 'Caripito', '0');
INSERT INTO `ciudades` VALUES ('303', '15', 'Chaguaramal', '0');
INSERT INTO `ciudades` VALUES ('305', '15', 'Chaguaramas Monagas', '0');
INSERT INTO `ciudades` VALUES ('307', '15', 'El Furrial', '0');
INSERT INTO `ciudades` VALUES ('308', '15', 'El Tejero', '0');
INSERT INTO `ciudades` VALUES ('309', '15', 'Jusepín', '0');
INSERT INTO `ciudades` VALUES ('310', '15', 'La Toscana', '0');
INSERT INTO `ciudades` VALUES ('311', '15', 'Maturín', '1');
INSERT INTO `ciudades` VALUES ('312', '15', 'Miraflores', '0');
INSERT INTO `ciudades` VALUES ('313', '15', 'Punta de Mata', '0');
INSERT INTO `ciudades` VALUES ('314', '15', 'Quiriquire', '0');
INSERT INTO `ciudades` VALUES ('315', '15', 'San Antonio de Maturín', '0');
INSERT INTO `ciudades` VALUES ('316', '15', 'San Vicente Monagas', '0');
INSERT INTO `ciudades` VALUES ('317', '15', 'Santa Bárbara', '0');
INSERT INTO `ciudades` VALUES ('318', '15', 'Temblador', '0');
INSERT INTO `ciudades` VALUES ('319', '15', 'Teresen', '0');
INSERT INTO `ciudades` VALUES ('320', '15', 'Uracoa', '0');
INSERT INTO `ciudades` VALUES ('321', '16', 'Altagracia', '0');
INSERT INTO `ciudades` VALUES ('322', '16', 'Boca de Pozo', '0');
INSERT INTO `ciudades` VALUES ('323', '16', 'Boca de Río', '0');
INSERT INTO `ciudades` VALUES ('324', '16', 'El Espinal', '0');
INSERT INTO `ciudades` VALUES ('325', '16', 'El Valle del Espíritu Santo', '0');
INSERT INTO `ciudades` VALUES ('326', '16', 'El Yaque', '0');
INSERT INTO `ciudades` VALUES ('327', '16', 'Juangriego', '0');
INSERT INTO `ciudades` VALUES ('328', '16', 'La Asunción', '1');
INSERT INTO `ciudades` VALUES ('329', '16', 'La Guardia', '0');
INSERT INTO `ciudades` VALUES ('330', '16', 'Pampatar', '0');
INSERT INTO `ciudades` VALUES ('331', '16', 'Porlamar', '0');
INSERT INTO `ciudades` VALUES ('332', '16', 'Puerto Fermín', '0');
INSERT INTO `ciudades` VALUES ('333', '16', 'Punta de Piedras', '0');
INSERT INTO `ciudades` VALUES ('334', '16', 'San Francisco de Macanao', '0');
INSERT INTO `ciudades` VALUES ('335', '16', 'San Juan Bautista', '0');
INSERT INTO `ciudades` VALUES ('336', '16', 'San Pedro de Coche', '0');
INSERT INTO `ciudades` VALUES ('337', '16', 'Santa Ana de Nueva Esparta', '0');
INSERT INTO `ciudades` VALUES ('338', '16', 'Villa Rosa', '0');
INSERT INTO `ciudades` VALUES ('339', '17', 'Acarigua', '0');
INSERT INTO `ciudades` VALUES ('340', '17', 'Agua Blanca', '0');
INSERT INTO `ciudades` VALUES ('341', '17', 'Araure', '0');
INSERT INTO `ciudades` VALUES ('342', '17', 'Biscucuy', '0');
INSERT INTO `ciudades` VALUES ('343', '17', 'Boconoito', '0');
INSERT INTO `ciudades` VALUES ('344', '17', 'Campo Elías', '0');
INSERT INTO `ciudades` VALUES ('345', '17', 'Chabasquén', '0');
INSERT INTO `ciudades` VALUES ('346', '17', 'Guanare', '1');
INSERT INTO `ciudades` VALUES ('347', '17', 'Guanarito', '0');
INSERT INTO `ciudades` VALUES ('348', '17', 'La Aparición', '0');
INSERT INTO `ciudades` VALUES ('349', '17', 'La Misión', '0');
INSERT INTO `ciudades` VALUES ('350', '17', 'Mesa de Cavacas', '0');
INSERT INTO `ciudades` VALUES ('351', '17', 'Ospino', '0');
INSERT INTO `ciudades` VALUES ('352', '17', 'Papelón', '0');
INSERT INTO `ciudades` VALUES ('353', '17', 'Payara', '0');
INSERT INTO `ciudades` VALUES ('354', '17', 'Pimpinela', '0');
INSERT INTO `ciudades` VALUES ('355', '17', 'Píritu de Portuguesa', '0');
INSERT INTO `ciudades` VALUES ('356', '17', 'San Rafael de Onoto', '0');
INSERT INTO `ciudades` VALUES ('357', '17', 'Santa Rosalía', '0');
INSERT INTO `ciudades` VALUES ('358', '17', 'Turén', '0');
INSERT INTO `ciudades` VALUES ('359', '18', 'Altos de Sucre', '0');
INSERT INTO `ciudades` VALUES ('360', '18', 'Araya', '0');
INSERT INTO `ciudades` VALUES ('361', '18', 'Cariaco', '0');
INSERT INTO `ciudades` VALUES ('362', '18', 'Carúpano', '0');
INSERT INTO `ciudades` VALUES ('363', '18', 'Casanay', '0');
INSERT INTO `ciudades` VALUES ('364', '18', 'Cumaná', '1');
INSERT INTO `ciudades` VALUES ('365', '18', 'Cumanacoa', '0');
INSERT INTO `ciudades` VALUES ('366', '18', 'El Morro Puerto Santo', '0');
INSERT INTO `ciudades` VALUES ('367', '18', 'El Pilar', '0');
INSERT INTO `ciudades` VALUES ('368', '18', 'El Poblado', '0');
INSERT INTO `ciudades` VALUES ('369', '18', 'Guaca', '0');
INSERT INTO `ciudades` VALUES ('370', '18', 'Guiria', '0');
INSERT INTO `ciudades` VALUES ('371', '18', 'Irapa', '0');
INSERT INTO `ciudades` VALUES ('372', '18', 'Manicuare', '0');
INSERT INTO `ciudades` VALUES ('373', '18', 'Mariguitar', '0');
INSERT INTO `ciudades` VALUES ('374', '18', 'Río Caribe', '0');
INSERT INTO `ciudades` VALUES ('375', '18', 'San Antonio del Golfo', '0');
INSERT INTO `ciudades` VALUES ('376', '18', 'San José de Aerocuar', '0');
INSERT INTO `ciudades` VALUES ('377', '18', 'San Vicente de Sucre', '0');
INSERT INTO `ciudades` VALUES ('378', '18', 'Santa Fe de Sucre', '0');
INSERT INTO `ciudades` VALUES ('379', '18', 'Tunapuy', '0');
INSERT INTO `ciudades` VALUES ('380', '18', 'Yaguaraparo', '0');
INSERT INTO `ciudades` VALUES ('381', '18', 'Yoco', '0');
INSERT INTO `ciudades` VALUES ('382', '19', 'Abejales', '0');
INSERT INTO `ciudades` VALUES ('383', '19', 'Borota', '0');
INSERT INTO `ciudades` VALUES ('384', '19', 'Bramon', '0');
INSERT INTO `ciudades` VALUES ('385', '19', 'Capacho', '0');
INSERT INTO `ciudades` VALUES ('386', '19', 'Colón', '0');
INSERT INTO `ciudades` VALUES ('387', '19', 'Coloncito', '0');
INSERT INTO `ciudades` VALUES ('388', '19', 'Cordero', '0');
INSERT INTO `ciudades` VALUES ('389', '19', 'El Cobre', '0');
INSERT INTO `ciudades` VALUES ('390', '19', 'El Pinal', '0');
INSERT INTO `ciudades` VALUES ('391', '19', 'Independencia', '0');
INSERT INTO `ciudades` VALUES ('392', '19', 'La Fría', '0');
INSERT INTO `ciudades` VALUES ('393', '19', 'La Grita', '0');
INSERT INTO `ciudades` VALUES ('394', '19', 'La Pedrera', '0');
INSERT INTO `ciudades` VALUES ('395', '19', 'La Tendida', '0');
INSERT INTO `ciudades` VALUES ('396', '19', 'Las Delicias', '0');
INSERT INTO `ciudades` VALUES ('397', '19', 'Las Hernández', '0');
INSERT INTO `ciudades` VALUES ('398', '19', 'Lobatera', '0');
INSERT INTO `ciudades` VALUES ('399', '19', 'Michelena', '0');
INSERT INTO `ciudades` VALUES ('400', '19', 'Palmira', '0');
INSERT INTO `ciudades` VALUES ('401', '19', 'Pregonero', '0');
INSERT INTO `ciudades` VALUES ('402', '19', 'Queniquea', '0');
INSERT INTO `ciudades` VALUES ('403', '19', 'Rubio', '0');
INSERT INTO `ciudades` VALUES ('404', '19', 'San Antonio del Tachira', '0');
INSERT INTO `ciudades` VALUES ('405', '19', 'San Cristobal', '1');
INSERT INTO `ciudades` VALUES ('406', '19', 'San José de Bolívar', '0');
INSERT INTO `ciudades` VALUES ('407', '19', 'San Josecito', '0');
INSERT INTO `ciudades` VALUES ('408', '19', 'San Pedro del Río', '0');
INSERT INTO `ciudades` VALUES ('409', '19', 'Santa Ana Táchira', '0');
INSERT INTO `ciudades` VALUES ('410', '19', 'Seboruco', '0');
INSERT INTO `ciudades` VALUES ('411', '19', 'Táriba', '0');
INSERT INTO `ciudades` VALUES ('412', '19', 'Umuquena', '0');
INSERT INTO `ciudades` VALUES ('413', '19', 'Ureña', '0');
INSERT INTO `ciudades` VALUES ('414', '20', 'Batatal', '0');
INSERT INTO `ciudades` VALUES ('415', '20', 'Betijoque', '0');
INSERT INTO `ciudades` VALUES ('416', '20', 'Boconó', '0');
INSERT INTO `ciudades` VALUES ('417', '20', 'Carache', '0');
INSERT INTO `ciudades` VALUES ('418', '20', 'Chejende', '0');
INSERT INTO `ciudades` VALUES ('419', '20', 'Cuicas', '0');
INSERT INTO `ciudades` VALUES ('420', '20', 'El Dividive', '0');
INSERT INTO `ciudades` VALUES ('421', '20', 'El Jaguito', '0');
INSERT INTO `ciudades` VALUES ('422', '20', 'Escuque', '0');
INSERT INTO `ciudades` VALUES ('423', '20', 'Isnotú', '0');
INSERT INTO `ciudades` VALUES ('424', '20', 'Jajó', '0');
INSERT INTO `ciudades` VALUES ('425', '20', 'La Ceiba', '0');
INSERT INTO `ciudades` VALUES ('426', '20', 'La Concepción de Trujllo', '0');
INSERT INTO `ciudades` VALUES ('427', '20', 'La Mesa de Esnujaque', '0');
INSERT INTO `ciudades` VALUES ('428', '20', 'La Puerta', '0');
INSERT INTO `ciudades` VALUES ('429', '20', 'La Quebrada', '0');
INSERT INTO `ciudades` VALUES ('430', '20', 'Mendoza Fría', '0');
INSERT INTO `ciudades` VALUES ('431', '20', 'Meseta de Chimpire', '0');
INSERT INTO `ciudades` VALUES ('432', '20', 'Monay', '0');
INSERT INTO `ciudades` VALUES ('433', '20', 'Motatán', '0');
INSERT INTO `ciudades` VALUES ('434', '20', 'Pampán', '0');
INSERT INTO `ciudades` VALUES ('435', '20', 'Pampanito', '0');
INSERT INTO `ciudades` VALUES ('436', '20', 'Sabana de Mendoza', '0');
INSERT INTO `ciudades` VALUES ('437', '20', 'San Lázaro', '0');
INSERT INTO `ciudades` VALUES ('438', '20', 'Santa Ana de Trujillo', '0');
INSERT INTO `ciudades` VALUES ('439', '20', 'Tostós', '0');
INSERT INTO `ciudades` VALUES ('440', '20', 'Trujillo', '1');
INSERT INTO `ciudades` VALUES ('441', '20', 'Valera', '0');
INSERT INTO `ciudades` VALUES ('442', '21', 'Carayaca', '0');
INSERT INTO `ciudades` VALUES ('443', '21', 'Litoral', '0');
INSERT INTO `ciudades` VALUES ('444', '25', 'Archipiélago Los Roques', '0');
INSERT INTO `ciudades` VALUES ('445', '22', 'Aroa', '0');
INSERT INTO `ciudades` VALUES ('446', '22', 'Boraure', '0');
INSERT INTO `ciudades` VALUES ('447', '22', 'Campo Elías de Yaracuy', '0');
INSERT INTO `ciudades` VALUES ('448', '22', 'Chivacoa', '0');
INSERT INTO `ciudades` VALUES ('449', '22', 'Cocorote', '0');
INSERT INTO `ciudades` VALUES ('450', '22', 'Farriar', '0');
INSERT INTO `ciudades` VALUES ('451', '22', 'Guama', '0');
INSERT INTO `ciudades` VALUES ('452', '22', 'Marín', '0');
INSERT INTO `ciudades` VALUES ('453', '22', 'Nirgua', '0');
INSERT INTO `ciudades` VALUES ('454', '22', 'Sabana de Parra', '0');
INSERT INTO `ciudades` VALUES ('455', '22', 'Salom', '0');
INSERT INTO `ciudades` VALUES ('456', '22', 'San Felipe', '1');
INSERT INTO `ciudades` VALUES ('457', '22', 'San Pablo de Yaracuy', '0');
INSERT INTO `ciudades` VALUES ('458', '22', 'Urachiche', '0');
INSERT INTO `ciudades` VALUES ('459', '22', 'Yaritagua', '0');
INSERT INTO `ciudades` VALUES ('460', '22', 'Yumare', '0');
INSERT INTO `ciudades` VALUES ('461', '23', 'Bachaquero', '0');
INSERT INTO `ciudades` VALUES ('462', '23', 'Bobures', '0');
INSERT INTO `ciudades` VALUES ('463', '23', 'Cabimas', '0');
INSERT INTO `ciudades` VALUES ('464', '23', 'Campo Concepción', '0');
INSERT INTO `ciudades` VALUES ('465', '23', 'Campo Mara', '0');
INSERT INTO `ciudades` VALUES ('466', '23', 'Campo Rojo', '0');
INSERT INTO `ciudades` VALUES ('467', '23', 'Carrasquero', '0');
INSERT INTO `ciudades` VALUES ('468', '23', 'Casigua', '0');
INSERT INTO `ciudades` VALUES ('469', '23', 'Chiquinquirá', '0');
INSERT INTO `ciudades` VALUES ('470', '23', 'Ciudad Ojeda', '0');
INSERT INTO `ciudades` VALUES ('471', '23', 'El Batey', '0');
INSERT INTO `ciudades` VALUES ('472', '23', 'El Carmelo', '0');
INSERT INTO `ciudades` VALUES ('473', '23', 'El Chivo', '0');
INSERT INTO `ciudades` VALUES ('474', '23', 'El Guayabo', '0');
INSERT INTO `ciudades` VALUES ('475', '23', 'El Mene', '0');
INSERT INTO `ciudades` VALUES ('476', '23', 'El Venado', '0');
INSERT INTO `ciudades` VALUES ('477', '23', 'Encontrados', '0');
INSERT INTO `ciudades` VALUES ('478', '23', 'Gibraltar', '0');
INSERT INTO `ciudades` VALUES ('479', '23', 'Isla de Toas', '0');
INSERT INTO `ciudades` VALUES ('480', '23', 'La Concepción del Zulia', '0');
INSERT INTO `ciudades` VALUES ('481', '23', 'La Paz', '0');
INSERT INTO `ciudades` VALUES ('482', '23', 'La Sierrita', '0');
INSERT INTO `ciudades` VALUES ('483', '23', 'Lagunillas del Zulia', '0');
INSERT INTO `ciudades` VALUES ('484', '23', 'Las Piedras de Perijá', '0');
INSERT INTO `ciudades` VALUES ('485', '23', 'Los Cortijos', '0');
INSERT INTO `ciudades` VALUES ('486', '23', 'Machiques', '0');
INSERT INTO `ciudades` VALUES ('487', '23', 'Maracaibo', '1');
INSERT INTO `ciudades` VALUES ('488', '23', 'Mene Grande', '0');
INSERT INTO `ciudades` VALUES ('489', '23', 'Palmarejo', '0');
INSERT INTO `ciudades` VALUES ('490', '23', 'Paraguaipoa', '0');
INSERT INTO `ciudades` VALUES ('491', '23', 'Potrerito', '0');
INSERT INTO `ciudades` VALUES ('492', '23', 'Pueblo Nuevo del Zulia', '0');
INSERT INTO `ciudades` VALUES ('493', '23', 'Puertos de Altagracia', '0');
INSERT INTO `ciudades` VALUES ('494', '23', 'Punta Gorda', '0');
INSERT INTO `ciudades` VALUES ('495', '23', 'Sabaneta de Palma', '0');
INSERT INTO `ciudades` VALUES ('496', '23', 'San Francisco', '0');
INSERT INTO `ciudades` VALUES ('497', '23', 'San José de Perijá', '0');
INSERT INTO `ciudades` VALUES ('498', '23', 'San Rafael del Moján', '0');
INSERT INTO `ciudades` VALUES ('499', '23', 'San Timoteo', '0');
INSERT INTO `ciudades` VALUES ('500', '23', 'Santa Bárbara Del Zulia', '0');
INSERT INTO `ciudades` VALUES ('501', '23', 'Santa Cruz de Mara', '0');
INSERT INTO `ciudades` VALUES ('502', '23', 'Santa Cruz del Zulia', '0');
INSERT INTO `ciudades` VALUES ('503', '23', 'Santa Rita', '0');
INSERT INTO `ciudades` VALUES ('504', '23', 'Sinamaica', '0');
INSERT INTO `ciudades` VALUES ('505', '23', 'Tamare', '0');
INSERT INTO `ciudades` VALUES ('506', '23', 'Tía Juana', '0');
INSERT INTO `ciudades` VALUES ('507', '23', 'Villa del Rosario', '0');
INSERT INTO `ciudades` VALUES ('508', '21', 'La Guaira', '1');
INSERT INTO `ciudades` VALUES ('509', '21', 'Catia La Mar', '0');
INSERT INTO `ciudades` VALUES ('510', '21', 'Macuto', '0');
INSERT INTO `ciudades` VALUES ('511', '21', 'Naiguatá', '0');
INSERT INTO `ciudades` VALUES ('512', '25', 'Archipiélago Los Monjes', '0');
INSERT INTO `ciudades` VALUES ('513', '25', 'Isla La Tortuga y Cayos adyacentes', '0');
INSERT INTO `ciudades` VALUES ('514', '25', 'Isla La Sola', '0');
INSERT INTO `ciudades` VALUES ('515', '25', 'Islas Los Testigos', '0');
INSERT INTO `ciudades` VALUES ('516', '25', 'Islas Los Frailes', '0');
INSERT INTO `ciudades` VALUES ('517', '25', 'Isla La Orchila', '0');
INSERT INTO `ciudades` VALUES ('518', '25', 'Archipiélago Las Aves', '0');
INSERT INTO `ciudades` VALUES ('519', '25', 'Isla de Aves', '0');
INSERT INTO `ciudades` VALUES ('520', '25', 'Isla La Blanquilla', '0');
INSERT INTO `ciudades` VALUES ('521', '25', 'Isla de Patos', '0');
INSERT INTO `ciudades` VALUES ('522', '25', 'Islas Los Hermanos', '0');

-- ----------------------------
-- Table structure for estados
-- ----------------------------
DROP TABLE IF EXISTS `estados`;
CREATE TABLE `estados` (
  `id` int(11) NOT NULL,
  `id_estado` int(11) NOT NULL,
  `estado` varchar(50) COLLATE utf8_unicode_ci NOT NULL
) ENGINE=InnoDB DEFAULT CHARSET=utf8 COLLATE=utf8_unicode_ci;

-- ----------------------------
-- Records of estados
-- ----------------------------
INSERT INTO `estados` VALUES ('1', '1', 'DISTRITO CAPITAL');
INSERT INTO `estados` VALUES ('2', '2', 'ANZOATEGUI');
INSERT INTO `estados` VALUES ('3', '3', 'APURE');
INSERT INTO `estados` VALUES ('4', '4', 'ARAGUA');
INSERT INTO `estados` VALUES ('5', '5', 'BARINAS');
INSERT INTO `estados` VALUES ('6', '6', 'BOLIVAR');
INSERT INTO `estados` VALUES ('7', '7', 'CARABOBO');
INSERT INTO `estados` VALUES ('8', '8', 'COJEDES');
INSERT INTO `estados` VALUES ('9', '9', 'FALCON');
INSERT INTO `estados` VALUES ('10', '10', 'GUARICO');
INSERT INTO `estados` VALUES ('11', '11', 'LARA');
INSERT INTO `estados` VALUES ('12', '12', 'MERIDA');
INSERT INTO `estados` VALUES ('13', '13', 'MIRANDA');
INSERT INTO `estados` VALUES ('14', '14', 'MONAGAS');
INSERT INTO `estados` VALUES ('15', '15', 'NUEVA ESPARTA');
INSERT INTO `estados` VALUES ('16', '16', 'PORTUGUESA');
INSERT INTO `estados` VALUES ('17', '17', 'SUCRE');
INSERT INTO `estados` VALUES ('18', '18', 'TACHIRA');
INSERT INTO `estados` VALUES ('19', '19', 'TRUJILLO');
INSERT INTO `estados` VALUES ('20', '20', 'YARACUY');
INSERT INTO `estados` VALUES ('21', '21', 'ZULIA');
INSERT INTO `estados` VALUES ('22', '22', 'AMAZONAS');
INSERT INTO `estados` VALUES ('23', '23', 'DELTA AMACURO');
INSERT INTO `estados` VALUES ('24', '24', 'VARGAS');
INSERT INTO `estados` VALUES ('25', '99', 'EMBAJADA');
INSERT INTO `estados` VALUES ('26', '98', 'INDEFINIDO');

-- ----------------------------
-- Table structure for motores
-- ----------------------------
DROP TABLE IF EXISTS `motores`;
CREATE TABLE `motores` (
  `id` int(11) NOT NULL,
  `nombre_motores` varchar(255) COLLATE utf8_spanish_ci NOT NULL,
  `descrip_motores` varchar(255) COLLATE utf8_spanish_ci NOT NULL,
  PRIMARY KEY (`id`)
) ENGINE=InnoDB DEFAULT CHARSET=utf8 COLLATE=utf8_spanish_ci;

-- ----------------------------
-- Records of motores
-- ----------------------------

-- ----------------------------
-- Table structure for municipios
-- ----------------------------
DROP TABLE IF EXISTS `municipios`;
CREATE TABLE `municipios` (
  `id` int(11) NOT NULL,
  `id_municipio` int(11) DEFAULT NULL,
  `municipio` varchar(50) COLLATE utf8_unicode_ci NOT NULL,
  `id_estado` int(11) DEFAULT NULL
) ENGINE=InnoDB DEFAULT CHARSET=utf8 COLLATE=utf8_unicode_ci;

-- ----------------------------
-- Records of municipios
-- ----------------------------
INSERT INTO `municipios` VALUES ('1', '6', 'SAN FERNANDO', '3');
INSERT INTO `municipios` VALUES ('2', '1', 'ACHAGUAS', '3');
INSERT INTO `municipios` VALUES ('3', '7', 'BIRUACA', '3');
INSERT INTO `municipios` VALUES ('4', '2', 'MUÑOZ', '3');
INSERT INTO `municipios` VALUES ('5', '3', 'PAEZ', '3');
INSERT INTO `municipios` VALUES ('6', '4', 'PEDRO CAMEJO', '3');
INSERT INTO `municipios` VALUES ('7', '5', 'ROMULO GALLEGOS', '3');
INSERT INTO `municipios` VALUES ('8', '2', 'BARINAS', '5');
INSERT INTO `municipios` VALUES ('9', '10', 'ANTONIO JOSE DE SUCRE', '5');
INSERT INTO `municipios` VALUES ('10', '9', 'ALBERTO ARVELO TORREALBA', '5');
INSERT INTO `municipios` VALUES ('11', '12', 'ANDRES ELOY BLANCO', '5');
INSERT INTO `municipios` VALUES ('12', '1', 'ARISMENDI', '5');
INSERT INTO `municipios` VALUES ('13', '3', 'BOLIVAR', '5');
INSERT INTO `municipios` VALUES ('14', '11', 'CRUZ PAREDES', '5');
INSERT INTO `municipios` VALUES ('15', '4', 'EZEQUIEL ZAMORA', '5');
INSERT INTO `municipios` VALUES ('16', '5', 'OBISPOS', '5');
INSERT INTO `municipios` VALUES ('17', '6', 'PEDRAZA', '5');
INSERT INTO `municipios` VALUES ('18', '7', 'ROJAS', '5');
INSERT INTO `municipios` VALUES ('19', '8', 'SOSA', '5');
INSERT INTO `municipios` VALUES ('20', '3', 'HERES', '6');
INSERT INTO `municipios` VALUES ('21', '8', 'BOLIVARIANO ANGOSTURA', '6');
INSERT INTO `municipios` VALUES ('22', '1', 'CARONI', '6');
INSERT INTO `municipios` VALUES ('23', '2', 'CEDEÑO', '6');
INSERT INTO `municipios` VALUES ('24', '10', 'EL CALLAO', '6');
INSERT INTO `municipios` VALUES ('25', '9', 'GRAN SABANA', '6');
INSERT INTO `municipios` VALUES ('26', '11', 'PADRE PEDRO CHIEN', '6');
INSERT INTO `municipios` VALUES ('27', '4', 'PIAR', '6');
INSERT INTO `municipios` VALUES ('28', '5', 'ROSCIO', '6');
INSERT INTO `municipios` VALUES ('29', '7', 'SIFONTES', '6');
INSERT INTO `municipios` VALUES ('30', '6', 'SUCRE', '6');
INSERT INTO `municipios` VALUES ('31', '2', 'IRIBARREN', '11');
INSERT INTO `municipios` VALUES ('32', '8', 'ANDRES ELOY BLANCO', '11');
INSERT INTO `municipios` VALUES ('33', '1', 'CRESPO', '11');
INSERT INTO `municipios` VALUES ('34', '3', 'JIMENEZ', '11');
INSERT INTO `municipios` VALUES ('35', '4', 'MORAN', '11');
INSERT INTO `municipios` VALUES ('36', '5', 'PALAVECINO', '11');
INSERT INTO `municipios` VALUES ('37', '9', 'SIMON PLANAS', '11');
INSERT INTO `municipios` VALUES ('38', '6', 'TORRES', '11');
INSERT INTO `municipios` VALUES ('39', '7', 'URDANETA', '11');
INSERT INTO `municipios` VALUES ('40', '1', 'ATURES', '22');
INSERT INTO `municipios` VALUES ('41', '7', 'ALTO ORINOCO', '22');
INSERT INTO `municipios` VALUES ('42', '2', 'ATABAPO', '22');
INSERT INTO `municipios` VALUES ('43', '5', 'AUTANA', '22');
INSERT INTO `municipios` VALUES ('44', '6', 'MANAPIARE', '22');
INSERT INTO `municipios` VALUES ('45', '3', 'MAROA', '22');
INSERT INTO `municipios` VALUES ('46', '4', 'RIO NEGRO', '22');
INSERT INTO `municipios` VALUES ('47', '3', 'BOLIVAR', '2');
INSERT INTO `municipios` VALUES ('48', '1', 'ANACO', '2');
INSERT INTO `municipios` VALUES ('49', '2', 'ARAGUA', '2');
INSERT INTO `municipios` VALUES ('50', '4', 'BRUZUAL', '2');
INSERT INTO `municipios` VALUES ('51', '5', 'CAJIGAL', '2');
INSERT INTO `municipios` VALUES ('52', '18', 'CARVAJAL', '2');
INSERT INTO `municipios` VALUES ('53', '6', 'FREITES', '2');
INSERT INTO `municipios` VALUES ('54', '14', 'GUANIPA', '2');
INSERT INTO `municipios` VALUES ('55', '15', 'GUANTA', '2');
INSERT INTO `municipios` VALUES ('56', '7', 'INDEPENDENCIA', '2');
INSERT INTO `municipios` VALUES ('57', '17', 'L/DIEGO BAUTISTA', '2');
INSERT INTO `municipios` VALUES ('58', '8', 'LIBERTAD', '2');
INSERT INTO `municipios` VALUES ('59', '20', 'MC GREGOR', '2');
INSERT INTO `municipios` VALUES ('60', '9', 'MIRANDA', '2');
INSERT INTO `municipios` VALUES ('61', '10', 'MONAGAS', '2');
INSERT INTO `municipios` VALUES ('62', '11', 'PEÑALVER', '2');
INSERT INTO `municipios` VALUES ('63', '16', 'PIRITU', '2');
INSERT INTO `municipios` VALUES ('64', '19', 'SANTA ANA', '2');
INSERT INTO `municipios` VALUES ('65', '12', 'SIMON RODRIGUEZ', '2');
INSERT INTO `municipios` VALUES ('66', '21', 'S JUAN CAPISTRANO', '2');
INSERT INTO `municipios` VALUES ('67', '13', 'SOTILLO', '2');
INSERT INTO `municipios` VALUES ('68', '8', 'LIBERTADOR', '12');
INSERT INTO `municipios` VALUES ('69', '1', 'ALBERTO ADRIANI', '12');
INSERT INTO `municipios` VALUES ('70', '2', 'ANDRES BELLO', '12');
INSERT INTO `municipios` VALUES ('71', '11', 'ANTONIO PINTO S', '12');
INSERT INTO `municipios` VALUES ('72', '22', 'ARICAGUA', '12');
INSERT INTO `municipios` VALUES ('73', '3', 'ARZOBISPO CHACON', '12');
INSERT INTO `municipios` VALUES ('74', '4', 'CAMPO ELIAS', '12');
INSERT INTO `municipios` VALUES ('75', '13', 'CARACCIOLO PARRA', '12');
INSERT INTO `municipios` VALUES ('76', '14', 'CARDENAL QUINTERO', '12');
INSERT INTO `municipios` VALUES ('77', '5', 'GUARAQUE', '12');
INSERT INTO `municipios` VALUES ('78', '6', 'JULIO CESAR SALAS', '12');
INSERT INTO `municipios` VALUES ('79', '7', 'JUSTO BRICEÑO', '12');
INSERT INTO `municipios` VALUES ('80', '10', 'MIRANDA', '12');
INSERT INTO `municipios` VALUES ('81', '12', 'RAMOS DE LORA', '12');
INSERT INTO `municipios` VALUES ('82', '21', 'PADRE NOGUERA', '12');
INSERT INTO `municipios` VALUES ('83', '15', 'PUEBLO LLANO', '12');
INSERT INTO `municipios` VALUES ('84', '16', 'RANGEL', '12');
INSERT INTO `municipios` VALUES ('85', '17', 'RIVAS DAVILA', '12');
INSERT INTO `municipios` VALUES ('86', '9', 'SANTOS MARQUINA', '12');
INSERT INTO `municipios` VALUES ('87', '18', 'SUCRE', '12');
INSERT INTO `municipios` VALUES ('88', '19', 'TOVAR', '12');
INSERT INTO `municipios` VALUES ('89', '20', 'TULIO F CORDERO', '12');
INSERT INTO `municipios` VALUES ('90', '23', 'ZEA', '12');
INSERT INTO `municipios` VALUES ('91', '8', 'SAN CRISTOBAL', '18');
INSERT INTO `municipios` VALUES ('92', '18', 'ANDRES BELLO', '18');
INSERT INTO `municipios` VALUES ('93', '23', 'ANTONIO ROMULO C', '18');
INSERT INTO `municipios` VALUES ('94', '1', 'AYACUCHO', '18');
INSERT INTO `municipios` VALUES ('95', '2', 'BOLIVAR', '18');
INSERT INTO `municipios` VALUES ('96', '4', 'CARDENAS', '18');
INSERT INTO `municipios` VALUES ('97', '10', 'CORDOBA', '18');
INSERT INTO `municipios` VALUES ('98', '24', 'FCO DE MIRANDA', '18');
INSERT INTO `municipios` VALUES ('99', '19', 'FERNANDEZ FEO', '18');
INSERT INTO `municipios` VALUES ('100', '11', 'GARCIA DE HEVIA', '18');
INSERT INTO `municipios` VALUES ('101', '12', 'GUASIMOS', '18');
INSERT INTO `municipios` VALUES ('102', '3', 'INDEPENDENCIA', '18');
INSERT INTO `municipios` VALUES ('103', '5', 'JAUREGUI', '18');
INSERT INTO `municipios` VALUES ('104', '25', 'JOSE MARIA VARGA', '18');
INSERT INTO `municipios` VALUES ('105', '6', 'JUNIN', '18');
INSERT INTO `municipios` VALUES ('106', '20', 'LIBERTAD', '18');
INSERT INTO `municipios` VALUES ('107', '14', 'LIBERTADOR', '18');
INSERT INTO `municipios` VALUES ('108', '7', 'LOBATERA', '18');
INSERT INTO `municipios` VALUES ('109', '13', 'MICHELENA', '18');
INSERT INTO `municipios` VALUES ('110', '15', 'PANAMERICANO', '18');
INSERT INTO `municipios` VALUES ('111', '16', 'PEDRO MARIA UREÑA', '18');
INSERT INTO `municipios` VALUES ('112', '26', 'RAFAEL URDANETA', '18');
INSERT INTO `municipios` VALUES ('113', '21', 'SAMUEL MALDONADO', '18');
INSERT INTO `municipios` VALUES ('114', '29', 'SAN JUDAS TADEO', '18');
INSERT INTO `municipios` VALUES ('115', '22', 'SEBORUCO', '18');
INSERT INTO `municipios` VALUES ('116', '27', 'SIMON RODRIGUEZ', '18');
INSERT INTO `municipios` VALUES ('117', '17', 'SUCRE', '18');
INSERT INTO `municipios` VALUES ('118', '28', 'TORBES', '18');
INSERT INTO `municipios` VALUES ('119', '9', 'URIBANTE', '18');
INSERT INTO `municipios` VALUES ('120', '1', 'VARGAS', '24');
INSERT INTO `municipios` VALUES ('121', '1', 'BLVNO LIBERTADOR', '1');
INSERT INTO `municipios` VALUES ('122', '1', 'BEJUMA', '7');
INSERT INTO `municipios` VALUES ('123', '2', 'CARLOS ARVELO', '7');
INSERT INTO `municipios` VALUES ('124', '3', 'DIEGO IBARRA', '7');
INSERT INTO `municipios` VALUES ('125', '4', 'GUACARA', '7');
INSERT INTO `municipios` VALUES ('126', '5', 'MONTALVAN', '7');
INSERT INTO `municipios` VALUES ('127', '6', 'JUAN JOSE MORA', '7');
INSERT INTO `municipios` VALUES ('128', '7', 'PUERTO CABELLO', '7');
INSERT INTO `municipios` VALUES ('129', '8', 'SAN JOAQUIN', '7');
INSERT INTO `municipios` VALUES ('130', '9', 'VALENCIA', '7');
INSERT INTO `municipios` VALUES ('131', '10', 'MIRANDA', '7');
INSERT INTO `municipios` VALUES ('132', '11', 'LOS GUAYOS', '7');
INSERT INTO `municipios` VALUES ('133', '12', 'NAGUANAGUA', '7');
INSERT INTO `municipios` VALUES ('134', '13', 'SAN DIEGO', '7');
INSERT INTO `municipios` VALUES ('135', '14', 'LIBERTADOR', '7');
INSERT INTO `municipios` VALUES ('136', '1', 'ANZOATEGUI', '8');
INSERT INTO `municipios` VALUES ('137', '2', 'TINAQUILLO', '8');
INSERT INTO `municipios` VALUES ('138', '3', 'GIRARDOT', '8');
INSERT INTO `municipios` VALUES ('139', '4', 'PAO S J BAUTISTA', '8');
INSERT INTO `municipios` VALUES ('140', '5', 'RICAURTE', '8');
INSERT INTO `municipios` VALUES ('141', '6', 'EZEQUIEL ZAMORA', '8');
INSERT INTO `municipios` VALUES ('142', '7', 'TINACO', '8');
INSERT INTO `municipios` VALUES ('143', '8', 'LIMA BLANCO', '8');
INSERT INTO `municipios` VALUES ('144', '9', 'ROMULO GALLEGOS', '8');
INSERT INTO `municipios` VALUES ('145', '1', 'ACOSTA', '9');
INSERT INTO `municipios` VALUES ('146', '2', 'BOLIVAR', '9');
INSERT INTO `municipios` VALUES ('147', '3', 'BUCHIVACOA', '9');
INSERT INTO `municipios` VALUES ('148', '4', 'CARIRUBANA', '9');
INSERT INTO `municipios` VALUES ('149', '5', 'COLINA', '9');
INSERT INTO `municipios` VALUES ('150', '6', 'DEMOCRACIA', '9');
INSERT INTO `municipios` VALUES ('151', '7', 'FALCON', '9');
INSERT INTO `municipios` VALUES ('152', '8', 'FEDERACION', '9');
INSERT INTO `municipios` VALUES ('153', '9', 'MAUROA', '9');
INSERT INTO `municipios` VALUES ('154', '10', 'MIRANDA', '9');
INSERT INTO `municipios` VALUES ('155', '11', 'PETIT', '9');
INSERT INTO `municipios` VALUES ('156', '12', 'SILVA', '9');
INSERT INTO `municipios` VALUES ('157', '13', 'ZAMORA', '9');
INSERT INTO `municipios` VALUES ('158', '14', 'DABAJURO', '9');
INSERT INTO `municipios` VALUES ('159', '15', 'MONS. ITURRIZA', '9');
INSERT INTO `municipios` VALUES ('160', '16', 'LOS TAQUES', '9');
INSERT INTO `municipios` VALUES ('161', '17', 'PIRITU', '9');
INSERT INTO `municipios` VALUES ('162', '18', 'UNION', '9');
INSERT INTO `municipios` VALUES ('163', '19', 'SAN FRANCISCO', '9');
INSERT INTO `municipios` VALUES ('164', '20', 'JACURA', '9');
INSERT INTO `municipios` VALUES ('165', '21', 'CACIQUE MANAURE', '9');
INSERT INTO `municipios` VALUES ('166', '22', 'PALMA SOLA', '9');
INSERT INTO `municipios` VALUES ('167', '23', 'SUCRE', '9');
INSERT INTO `municipios` VALUES ('168', '24', 'URUMACO', '9');
INSERT INTO `municipios` VALUES ('169', '25', 'TOCOPERO', '9');
INSERT INTO `municipios` VALUES ('170', '1', 'INFANTE', '10');
INSERT INTO `municipios` VALUES ('171', '2', 'MELLADO', '10');
INSERT INTO `municipios` VALUES ('172', '3', 'MIRANDA', '10');
INSERT INTO `municipios` VALUES ('173', '4', 'MONAGAS', '10');
INSERT INTO `municipios` VALUES ('174', '5', 'RIBAS', '10');
INSERT INTO `municipios` VALUES ('175', '6', 'ROSCIO', '10');
INSERT INTO `municipios` VALUES ('176', '7', 'ZARAZA', '10');
INSERT INTO `municipios` VALUES ('177', '8', 'CAMAGUAN', '10');
INSERT INTO `municipios` VALUES ('178', '9', 'S JOSE DE GUARIBE', '10');
INSERT INTO `municipios` VALUES ('179', '10', 'LAS MERCEDES', '10');
INSERT INTO `municipios` VALUES ('180', '11', 'EL SOCORRO', '10');
INSERT INTO `municipios` VALUES ('181', '12', 'ORTIZ', '10');
INSERT INTO `municipios` VALUES ('182', '13', 'S MARIA DE IPIRE', '10');
INSERT INTO `municipios` VALUES ('183', '14', 'CHAGUARAMAS', '10');
INSERT INTO `municipios` VALUES ('184', '15', 'SAN GERONIMO DE G', '10');
INSERT INTO `municipios` VALUES ('185', '1', 'TUCUPITA', '23');
INSERT INTO `municipios` VALUES ('186', '2', 'PEDERNALES', '23');
INSERT INTO `municipios` VALUES ('187', '3', 'ANTONIO DIAZ', '23');
INSERT INTO `municipios` VALUES ('188', '4', 'CASACOIMA', '23');
INSERT INTO `municipios` VALUES ('189', '5', 'TRUJILLO', '19');
INSERT INTO `municipios` VALUES ('190', '15', 'ANDRES BELLO', '19');
INSERT INTO `municipios` VALUES ('191', '2', 'BOCONO', '19');
INSERT INTO `municipios` VALUES ('192', '16', 'BOLIVAR', '19');
INSERT INTO `municipios` VALUES ('193', '8', 'CANDELARIA', '19');
INSERT INTO `municipios` VALUES ('194', '3', 'CARACHE', '19');
INSERT INTO `municipios` VALUES ('195', '4', 'ESCUQUE', '19');
INSERT INTO `municipios` VALUES ('196', '17', 'JOSE FELIPE MARQUEZ CAÑIZALEZ', '19');
INSERT INTO `municipios` VALUES ('197', '18', 'JUAN VICENTE CAMPO ELIAS', '19');
INSERT INTO `municipios` VALUES ('198', '19', 'LA CEIBA', '19');
INSERT INTO `municipios` VALUES ('199', '9', 'MIRANDA', '19');
INSERT INTO `municipios` VALUES ('200', '10', 'MONTE CARMELO', '19');
INSERT INTO `municipios` VALUES ('201', '11', 'MOTATAN', '19');
INSERT INTO `municipios` VALUES ('202', '12', 'PAMPAN', '19');
INSERT INTO `municipios` VALUES ('203', '20', 'PAMPANITO', '19');
INSERT INTO `municipios` VALUES ('204', '1', 'RAFAEL RANGEL', '19');
INSERT INTO `municipios` VALUES ('205', '13', 'SAN RAFAEL CARVAJAL', '19');
INSERT INTO `municipios` VALUES ('206', '14', 'SUCRE', '19');
INSERT INTO `municipios` VALUES ('207', '6', 'URDANETA', '19');
INSERT INTO `municipios` VALUES ('208', '7', 'VALERA', '19');
INSERT INTO `municipios` VALUES ('209', '1', 'BOLIVAR', '20');
INSERT INTO `municipios` VALUES ('210', '2', 'BRUZUAL', '20');
INSERT INTO `municipios` VALUES ('211', '3', 'NIRGUA', '20');
INSERT INTO `municipios` VALUES ('212', '4', 'SAN FELIPE', '20');
INSERT INTO `municipios` VALUES ('213', '5', 'SUCRE', '20');
INSERT INTO `municipios` VALUES ('214', '6', 'URACHICHE', '20');
INSERT INTO `municipios` VALUES ('215', '7', 'PEÑA', '20');
INSERT INTO `municipios` VALUES ('216', '8', 'JOSE ANTONIO PAEZ', '20');
INSERT INTO `municipios` VALUES ('217', '9', 'LA TRINIDAD', '20');
INSERT INTO `municipios` VALUES ('218', '10', 'COCOROTE', '20');
INSERT INTO `municipios` VALUES ('219', '11', 'INDEPENDENCIA', '20');
INSERT INTO `municipios` VALUES ('220', '12', 'ARISTIDES BASTIDAS', '20');
INSERT INTO `municipios` VALUES ('221', '13', 'MANUEL MONGE', '20');
INSERT INTO `municipios` VALUES ('222', '14', 'VEROES', '20');
INSERT INTO `municipios` VALUES ('223', '1', 'BARALT', '21');
INSERT INTO `municipios` VALUES ('224', '2', 'SANTA RITA', '21');
INSERT INTO `municipios` VALUES ('225', '3', 'COLON', '21');
INSERT INTO `municipios` VALUES ('226', '4', 'MARA', '21');
INSERT INTO `municipios` VALUES ('227', '5', 'MARACAIBO', '21');
INSERT INTO `municipios` VALUES ('228', '6', 'MIRANDA', '21');
INSERT INTO `municipios` VALUES ('229', '7', 'BLVNO GUAJIRA', '21');
INSERT INTO `municipios` VALUES ('230', '8', 'MACHIQUES DE PERIJA', '21');
INSERT INTO `municipios` VALUES ('231', '9', 'SUCRE', '21');
INSERT INTO `municipios` VALUES ('232', '10', 'LA CAÑADA DE URDANETA', '21');
INSERT INTO `municipios` VALUES ('233', '11', 'LAGUNILLAS', '21');
INSERT INTO `municipios` VALUES ('234', '12', 'CATATUMBO', '21');
INSERT INTO `municipios` VALUES ('235', '13', 'ROSARIO DE PERIJA', '21');
INSERT INTO `municipios` VALUES ('236', '14', 'CABIMAS', '21');
INSERT INTO `municipios` VALUES ('237', '15', 'VALMORE RODRIGUEZ', '21');
INSERT INTO `municipios` VALUES ('238', '16', 'JESUS ENRIQUE LOSSADA', '21');
INSERT INTO `municipios` VALUES ('239', '17', 'ALMIRANTE PADILLA', '21');
INSERT INTO `municipios` VALUES ('240', '18', 'SAN FRANCISCO', '21');
INSERT INTO `municipios` VALUES ('241', '19', 'JESUS MARIA SEMPRUN', '21');
INSERT INTO `municipios` VALUES ('242', '20', 'FRANCISCO JAVIER PULGAR', '21');
INSERT INTO `municipios` VALUES ('243', '21', 'SIMON BOLIVAR', '21');
INSERT INTO `municipios` VALUES ('244', '3', 'GUAICAIPURO     ', '13');
INSERT INTO `municipios` VALUES ('245', '1', 'ACEVEDO      ', '13');
INSERT INTO `municipios` VALUES ('246', '14', 'ANDRES BELLO     ', '13');
INSERT INTO `municipios` VALUES ('247', '16', 'BARUTA      ', '13');
INSERT INTO `municipios` VALUES ('248', '2', 'BRION     ', '13');
INSERT INTO `municipios` VALUES ('249', '20', 'BUROZ      ', '13');
INSERT INTO `municipios` VALUES ('250', '17', 'CARRIZAL     ', '13');
INSERT INTO `municipios` VALUES ('251', '18', 'CHACAO      ', '13');
INSERT INTO `municipios` VALUES ('252', '12', 'CRISTOBAL ROJAS     ', '13');
INSERT INTO `municipios` VALUES ('253', '19', 'EL HATILLO     ', '13');
INSERT INTO `municipios` VALUES ('254', '4', 'INDEPENDENCIA     ', '13');
INSERT INTO `municipios` VALUES ('255', '5', 'LANDER      ', '13');
INSERT INTO `municipios` VALUES ('256', '13', 'LOS SALIAS     ', '13');
INSERT INTO `municipios` VALUES ('257', '6', 'PAEZ      ', '13');
INSERT INTO `municipios` VALUES ('258', '7', 'PAZ CASTILLO     ', '13');
INSERT INTO `municipios` VALUES ('259', '21', 'PEDRO GUAL      ', '13');
INSERT INTO `municipios` VALUES ('260', '8', 'PLAZA     ', '13');
INSERT INTO `municipios` VALUES ('261', '15', 'SIMON BOLIVAR     ', '13');
INSERT INTO `municipios` VALUES ('262', '9', 'SUCRE      ', '13');
INSERT INTO `municipios` VALUES ('263', '10', 'URDANETA      ', '13');
INSERT INTO `municipios` VALUES ('264', '11', 'ZAMORA', '13');
INSERT INTO `municipios` VALUES ('265', '7', 'MATURIN     ', '14');
INSERT INTO `municipios` VALUES ('266', '1', 'ACOSTA     ', '14');
INSERT INTO `municipios` VALUES ('267', '11', 'AGUASAY     ', '14');
INSERT INTO `municipios` VALUES ('268', '2', 'BOLIVAR     ', '14');
INSERT INTO `municipios` VALUES ('269', '3', 'CARIPE     ', '14');
INSERT INTO `municipios` VALUES ('270', '4', 'CEDEÑO ', '14');
INSERT INTO `municipios` VALUES ('271', '5', 'EZEQUIEL ZAMORA     ', '14');
INSERT INTO `municipios` VALUES ('272', '6', 'LIBERTADOR     ', '14');
INSERT INTO `municipios` VALUES ('273', '8', 'PIAR     ', '14');
INSERT INTO `municipios` VALUES ('274', '9', 'PUNCERES     ', '14');
INSERT INTO `municipios` VALUES ('275', '12', 'SANTA BARBARA     ', '14');
INSERT INTO `municipios` VALUES ('276', '10', 'SOTILLO     ', '14');
INSERT INTO `municipios` VALUES ('277', '13', 'URACOA', '14');
INSERT INTO `municipios` VALUES ('278', '1', 'ARISMENDI     ', '15');
INSERT INTO `municipios` VALUES ('279', '10', 'ANTOLIN DEL CAMPO     ', '15');
INSERT INTO `municipios` VALUES ('280', '2', 'DIAZ     ', '15');
INSERT INTO `municipios` VALUES ('281', '11', 'GARCIA ', '15');
INSERT INTO `municipios` VALUES ('282', '3', 'GOMEZ ', '15');
INSERT INTO `municipios` VALUES ('283', '4', 'MANEIRO     ', '15');
INSERT INTO `municipios` VALUES ('284', '5', 'MARCANO     ', '15');
INSERT INTO `municipios` VALUES ('285', '6', 'MARIÑO     ', '15');
INSERT INTO `municipios` VALUES ('286', '7', 'PENIN. DE MACANAO     ', '15');
INSERT INTO `municipios` VALUES ('287', '9', 'TUBORES     ', '15');
INSERT INTO `municipios` VALUES ('288', '8', 'VILLALBA I COCHE', '15');
INSERT INTO `municipios` VALUES ('289', '3', 'GUANARE     ', '16');
INSERT INTO `municipios` VALUES ('290', '10', 'AGUA BLANCA     ', '16');
INSERT INTO `municipios` VALUES ('291', '1', 'ARAURE ', '16');
INSERT INTO `municipios` VALUES ('292', '2', 'ESTELLER     ', '16');
INSERT INTO `municipios` VALUES ('293', '12', 'GENARO BOCONOITO     ', '16');
INSERT INTO `municipios` VALUES ('294', '4', 'GUANARITO     ', '16');
INSERT INTO `municipios` VALUES ('295', '9', 'M.JOSE V DE UNDA     ', '16');
INSERT INTO `municipios` VALUES ('296', '5', 'OSPINO ', '16');
INSERT INTO `municipios` VALUES ('297', '6', 'PAEZ ', '16');
INSERT INTO `municipios` VALUES ('298', '11', 'PAPELON     ', '16');
INSERT INTO `municipios` VALUES ('299', '14', 'SANTA ROSALIA     ', '16');
INSERT INTO `municipios` VALUES ('300', '13', 'RAFAEL DE ONOTO     ', '16');
INSERT INTO `municipios` VALUES ('301', '7', 'SUCRE     ', '16');
INSERT INTO `municipios` VALUES ('302', '8', 'TUREN', '16');
INSERT INTO `municipios` VALUES ('303', '9', 'SUCRE     ', '17');
INSERT INTO `municipios` VALUES ('304', '11', 'ANDRES ELOY BLANCO     ', '17');
INSERT INTO `municipios` VALUES ('305', '13', 'ANDRES MATA     ', '17');
INSERT INTO `municipios` VALUES ('306', '1', 'ARISMENDI     ', '17');
INSERT INTO `municipios` VALUES ('307', '2', 'BENITEZ     ', '17');
INSERT INTO `municipios` VALUES ('308', '3', 'BERMUDEZ     ', '17');
INSERT INTO `municipios` VALUES ('309', '14', 'BOLIVAR     ', '17');
INSERT INTO `municipios` VALUES ('310', '4', 'CAJIGAL     ', '17');
INSERT INTO `municipios` VALUES ('311', '15', 'CRUZ S ACOSTA     ', '17');
INSERT INTO `municipios` VALUES ('312', '12', 'LIBERTADOR     ', '17');
INSERT INTO `municipios` VALUES ('313', '5', 'MARIÑO     ', '17');
INSERT INTO `municipios` VALUES ('314', '6', 'MEJIA     ', '17');
INSERT INTO `municipios` VALUES ('315', '7', 'MONTES     ', '17');
INSERT INTO `municipios` VALUES ('316', '8', 'RIBERO     ', '17');
INSERT INTO `municipios` VALUES ('317', '10', 'VALDEZ     ', '17');
INSERT INTO `municipios` VALUES ('318', '1', 'GIRARDOT', '4');
INSERT INTO `municipios` VALUES ('319', '2', 'SANTIAGO MARIÑO', '4');
INSERT INTO `municipios` VALUES ('320', '3', 'JOSE FELIX RIBAS', '4');
INSERT INTO `municipios` VALUES ('321', '4', 'SAN CASIMIRO', '4');
INSERT INTO `municipios` VALUES ('322', '5', 'SAN SEBASTIAN', '4');
INSERT INTO `municipios` VALUES ('323', '6', 'SUCRE', '4');
INSERT INTO `municipios` VALUES ('324', '7', 'URDANETA', '4');
INSERT INTO `municipios` VALUES ('325', '8', 'ZAMORA', '4');
INSERT INTO `municipios` VALUES ('326', '9', 'LIBERTADOS', '4');
INSERT INTO `municipios` VALUES ('327', '10', 'JOSE ANGEL LAMAS', '4');
INSERT INTO `municipios` VALUES ('328', '11', 'BOLIVAR', '4');
INSERT INTO `municipios` VALUES ('329', '12', 'SANTOS MICHELENA', '4');
INSERT INTO `municipios` VALUES ('330', '13', 'MARIO BRICEÑO IRAGORRY', '4');
INSERT INTO `municipios` VALUES ('331', '14', 'TOVAR', '4');
INSERT INTO `municipios` VALUES ('332', '15', 'CAMATAGUA', '4');
INSERT INTO `municipios` VALUES ('333', '16', 'JOSE RAFAEL REVENGA', '4');
INSERT INTO `municipios` VALUES ('334', '17', 'FRANCISCO LINARES ALCANTARA', '4');
INSERT INTO `municipios` VALUES ('335', '18', 'OCUMARE DE LA COSTA', '4');

-- ----------------------------
-- Table structure for parroquias
-- ----------------------------
DROP TABLE IF EXISTS `parroquias`;
CREATE TABLE `parroquias` (
  `id` int(11) NOT NULL,
  `id_parroquia` int(11) DEFAULT NULL,
  `parroquia` varchar(50) COLLATE utf8_unicode_ci NOT NULL,
  `id_municipio` int(11) DEFAULT NULL,
  `id_estado` int(11) DEFAULT NULL
) ENGINE=InnoDB DEFAULT CHARSET=utf8 COLLATE=utf8_unicode_ci;

-- ----------------------------
-- Records of parroquias
-- ----------------------------
INSERT INTO `parroquias` VALUES ('1', '1', 'ACHAGUAS     ', '1', '3');
INSERT INTO `parroquias` VALUES ('2', '2', 'APURITO     ', '1', '3');
INSERT INTO `parroquias` VALUES ('3', '3', 'EL YAGUAL     ', '1', '3');
INSERT INTO `parroquias` VALUES ('4', '4', 'GUACHARA     ', '1', '3');
INSERT INTO `parroquias` VALUES ('5', '5', 'MUCURITAS     ', '1', '3');
INSERT INTO `parroquias` VALUES ('6', '6', 'QUESERAS DEL MEDIO', '1', '3');
INSERT INTO `parroquias` VALUES ('7', '1', 'BRUZUAL     ', '2', '3');
INSERT INTO `parroquias` VALUES ('8', '2', 'MANTECAL     ', '2', '3');
INSERT INTO `parroquias` VALUES ('9', '3', 'QUINTERO', '2', '3');
INSERT INTO `parroquias` VALUES ('10', '4', 'SAN VICENTE', '2', '3');
INSERT INTO `parroquias` VALUES ('11', '5', 'RINCON HONDO', '2', '3');
INSERT INTO `parroquias` VALUES ('12', '2', 'ARAMENDI     ', '3', '3');
INSERT INTO `parroquias` VALUES ('13', '3', 'EL AMPARO     ', '3', '3');
INSERT INTO `parroquias` VALUES ('14', '1', 'GUASDUALITO     ', '3', '3');
INSERT INTO `parroquias` VALUES ('15', '4', 'SAN CAMILO     ', '3', '3');
INSERT INTO `parroquias` VALUES ('16', '5', 'URDANETA', '3', '3');
INSERT INTO `parroquias` VALUES ('17', '2', 'CODAZZI     ', '4', '3');
INSERT INTO `parroquias` VALUES ('18', '3', 'CUNAVICHE ', '4', '3');
INSERT INTO `parroquias` VALUES ('19', '1', 'SAN JUAN DE PAYARA', '4', '3');
INSERT INTO `parroquias` VALUES ('20', '1', 'ELORZA     ', '5', '3');
INSERT INTO `parroquias` VALUES ('21', '2', 'LA TRINIDAD', '5', '3');
INSERT INTO `parroquias` VALUES ('22', '3', 'EL RECREO     ', '6', '3');
INSERT INTO `parroquias` VALUES ('23', '2', 'PEÑALVER     ', '6', '3');
INSERT INTO `parroquias` VALUES ('24', '1', 'SAN FERNANDO ', '6', '3');
INSERT INTO `parroquias` VALUES ('25', '4', 'SAN RAFAEL DE ATAMAICA ', '6', '3');
INSERT INTO `parroquias` VALUES ('26', '1', 'BIRUACA', '7', '3');
INSERT INTO `parroquias` VALUES ('27', '1', 'ARISMENDI     ', '1', '5');
INSERT INTO `parroquias` VALUES ('28', '2', 'GUADARRAMA     ', '1', '5');
INSERT INTO `parroquias` VALUES ('29', '3', 'LA UNION     ', '1', '5');
INSERT INTO `parroquias` VALUES ('30', '4', 'SAN ANTONIO', '1', '5');
INSERT INTO `parroquias` VALUES ('31', '1', 'ALFREDO ARVELO LARRIVA     ', '2', '5');
INSERT INTO `parroquias` VALUES ('32', '11', 'ALTO BARINAS     ', '2', '5');
INSERT INTO `parroquias` VALUES ('33', '2', 'BARINAS     ', '2', '5');
INSERT INTO `parroquias` VALUES ('34', '9', 'CORAZON DE JESUS     ', '2', '5');
INSERT INTO `parroquias` VALUES ('35', '14', 'DOMINGA ORTIZ DE PAEZ     ', '2', '5');
INSERT INTO `parroquias` VALUES ('36', '7', 'EL CARMEN     ', '2', '5');
INSERT INTO `parroquias` VALUES ('37', '13', 'JUAN ANTONIO RODRIGUEZ DOMINGUEZ     ', '2', '5');
INSERT INTO `parroquias` VALUES ('38', '12', 'MANUEL PALACIO FAJARDO     ', '2', '5');
INSERT INTO `parroquias` VALUES ('39', '10', 'RAMON IGNACIO MENDEZ     ', '2', '5');
INSERT INTO `parroquias` VALUES ('40', '8', 'ROMULO BETANCOURT     ', '2', '5');
INSERT INTO `parroquias` VALUES ('41', '3', 'SAN SILVESTRE     ', '2', '5');
INSERT INTO `parroquias` VALUES ('42', '4', 'SANTA INES     ', '2', '5');
INSERT INTO `parroquias` VALUES ('43', '5', 'SANTA LUCIA     ', '2', '5');
INSERT INTO `parroquias` VALUES ('44', '6', 'TORUNOS', '2', '5');
INSERT INTO `parroquias` VALUES ('45', '1', 'ALTAMIRA     ', '3', '5');
INSERT INTO `parroquias` VALUES ('46', '2', 'BARINITAS ', '3', '5');
INSERT INTO `parroquias` VALUES ('47', '3', 'CALDERAS', '3', '5');
INSERT INTO `parroquias` VALUES ('48', '2', 'JOSE IGNACIO DEL PUMAR     ', '4', '5');
INSERT INTO `parroquias` VALUES ('49', '4', 'PEDRO BRICEÑO MENDEZ     ', '4', '5');
INSERT INTO `parroquias` VALUES ('50', '3', 'RAMON IGNACIO MENDEZ     ', '4', '5');
INSERT INTO `parroquias` VALUES ('51', '1', 'SANTA BARBARA', '4', '5');
INSERT INTO `parroquias` VALUES ('52', '1', 'EL REAL     ', '5', '5');
INSERT INTO `parroquias` VALUES ('53', '2', 'LA LUZ     ', '5', '5');
INSERT INTO `parroquias` VALUES ('54', '4', 'LOS GUASIMITOS     ', '5', '5');
INSERT INTO `parroquias` VALUES ('55', '3', 'OBISPOS', '5', '5');
INSERT INTO `parroquias` VALUES ('56', '1', 'CIUDAD BOLIVIA     ', '6', '5');
INSERT INTO `parroquias` VALUES ('57', '2', 'IGNACIO BRICEÑO ', '6', '5');
INSERT INTO `parroquias` VALUES ('58', '4', 'JOSE FELIX RIBAS     ', '6', '5');
INSERT INTO `parroquias` VALUES ('59', '3', 'PAEZ', '6', '5');
INSERT INTO `parroquias` VALUES ('60', '1', 'DOLORES     ', '7', '5');
INSERT INTO `parroquias` VALUES ('61', '2', 'LIBERTAD     ', '7', '5');
INSERT INTO `parroquias` VALUES ('62', '3', 'PALACIO FAJARDO     ', '7', '5');
INSERT INTO `parroquias` VALUES ('63', '4', 'SANTA ROSA     ', '7', '5');
INSERT INTO `parroquias` VALUES ('64', '5', 'SIMON RODRIGUEZ', '7', '5');
INSERT INTO `parroquias` VALUES ('65', '1', 'CIUDAD DE NUTRIAS     ', '8', '5');
INSERT INTO `parroquias` VALUES ('66', '2', 'EL REGALO     ', '8', '5');
INSERT INTO `parroquias` VALUES ('67', '3', 'PUERTO DE NUTRIAS     ', '8', '5');
INSERT INTO `parroquias` VALUES ('68', '4', 'SANTA CATALINA     ', '8', '5');
INSERT INTO `parroquias` VALUES ('69', '5', 'SIMON BOLIVAR', '8', '5');
INSERT INTO `parroquias` VALUES ('70', '1', 'RODRIGUEZ DOMINGUEZ ', '9', '5');
INSERT INTO `parroquias` VALUES ('71', '2', 'SABANETA', '9', '5');
INSERT INTO `parroquias` VALUES ('72', '3', 'ANDRES BELLO     ', '10', '5');
INSERT INTO `parroquias` VALUES ('73', '2', 'NICOLAS PULIDO     ', '10', '5');
INSERT INTO `parroquias` VALUES ('74', '1', 'TICOPORO', '10', '5');
INSERT INTO `parroquias` VALUES ('75', '1', 'BARRANCAS     ', '11', '5');
INSERT INTO `parroquias` VALUES ('76', '2', 'EL SOCORRO     ', '11', '5');
INSERT INTO `parroquias` VALUES ('77', '3', 'MASPARRITO', '11', '5');
INSERT INTO `parroquias` VALUES ('78', '1', 'EL CANTON     ', '12', '5');
INSERT INTO `parroquias` VALUES ('79', '3', 'PUERTO VIVAS ', '12', '5');
INSERT INTO `parroquias` VALUES ('80', '2', 'SANTA CRUZ DE GUACAS', '12', '5');
INSERT INTO `parroquias` VALUES ('81', '6', 'CACHAMAY     ', '1', '6');
INSERT INTO `parroquias` VALUES ('82', '4', 'CHIRICA     ', '1', '6');
INSERT INTO `parroquias` VALUES ('83', '5', 'DALLA COSTA     ', '1', '6');
INSERT INTO `parroquias` VALUES ('84', '2', 'ONCE DE ABRIL     ', '1', '6');
INSERT INTO `parroquias` VALUES ('85', '10', 'POZO VERDE     ', '1', '6');
INSERT INTO `parroquias` VALUES ('86', '1', 'SIMON BOLIVAR     ', '1', '6');
INSERT INTO `parroquias` VALUES ('87', '8', 'UNARE     ', '1', '6');
INSERT INTO `parroquias` VALUES ('88', '7', 'UNIVERSIDAD     ', '1', '6');
INSERT INTO `parroquias` VALUES ('89', '3', 'VISTA AL SOL     ', '1', '6');
INSERT INTO `parroquias` VALUES ('90', '9', 'YOCOIMA', '1', '6');
INSERT INTO `parroquias` VALUES ('91', '1', 'CAICARA DEL ORINOCO     ', '2', '6');
INSERT INTO `parroquias` VALUES ('92', '3', 'ALTAGRACIA     ', '2', '6');
INSERT INTO `parroquias` VALUES ('93', '2', 'ASCENSION FARRERAS     ', '2', '6');
INSERT INTO `parroquias` VALUES ('94', '5', 'GUANIAMO     ', '2', '6');
INSERT INTO `parroquias` VALUES ('95', '4', 'LA URBANA ', '2', '6');
INSERT INTO `parroquias` VALUES ('96', '6', 'PIJIGUAOS', '2', '6');
INSERT INTO `parroquias` VALUES ('97', '2', 'AGUA SALADA     ', '3', '6');
INSERT INTO `parroquias` VALUES ('98', '1', 'CATEDRAL     ', '3', '6');
INSERT INTO `parroquias` VALUES ('99', '6', 'JOSE ANTONIO PAEZ     ', '3', '6');
INSERT INTO `parroquias` VALUES ('100', '3', 'LA SABANITA     ', '3', '6');
INSERT INTO `parroquias` VALUES ('101', '5', 'MARHUANTA     ', '3', '6');
INSERT INTO `parroquias` VALUES ('102', '7', 'ORINOCO     ', '3', '6');
INSERT INTO `parroquias` VALUES ('103', '8', 'PANAPANA     ', '3', '6');
INSERT INTO `parroquias` VALUES ('104', '4', 'VISTA HERMOSA     ', '3', '6');
INSERT INTO `parroquias` VALUES ('105', '9', 'ZEA', '3', '6');
INSERT INTO `parroquias` VALUES ('106', '1', 'CIUDAD PIAR     ', '8', '6');
INSERT INTO `parroquias` VALUES ('107', '3', 'BARCELONETA     ', '8', '6');
INSERT INTO `parroquias` VALUES ('108', '2', 'SAN FRANCISCO ', '8', '6');
INSERT INTO `parroquias` VALUES ('109', '4', 'SANTA BARBARA', '8', '6');
INSERT INTO `parroquias` VALUES ('110', '1', 'EL CALLAO', '10', '6');
INSERT INTO `parroquias` VALUES ('111', '1', 'SANTA ELENA DE UAIREN     ', '9', '6');
INSERT INTO `parroquias` VALUES ('112', '2', 'IKABARU', '9', '6');
INSERT INTO `parroquias` VALUES ('113', '1', 'EL PALMAR', '11', '6');
INSERT INTO `parroquias` VALUES ('114', '1', 'UPATA     ', '4', '6');
INSERT INTO `parroquias` VALUES ('115', '2', 'ANDRES ELOY BLANCO ', '4', '6');
INSERT INTO `parroquias` VALUES ('116', '3', 'PEDRO COVA', '4', '6');
INSERT INTO `parroquias` VALUES ('117', '1', 'GUASIPATI', '5', '6');
INSERT INTO `parroquias` VALUES ('118', '2', 'SALOM', '5', '6');
INSERT INTO `parroquias` VALUES ('119', '1', 'TUMEREMO     ', '7', '6');
INSERT INTO `parroquias` VALUES ('120', '2', 'DALLA COSTA     ', '7', '6');
INSERT INTO `parroquias` VALUES ('121', '3', 'SAN ISIDRO', '7', '6');
INSERT INTO `parroquias` VALUES ('122', '1', 'MARIPA     ', '6', '6');
INSERT INTO `parroquias` VALUES ('123', '2', 'ARIPAO     ', '6', '6');
INSERT INTO `parroquias` VALUES ('124', '5', 'GUARATARO     ', '6', '6');
INSERT INTO `parroquias` VALUES ('125', '3', 'LAS MAJADAS     ', '6', '6');
INSERT INTO `parroquias` VALUES ('126', '4', 'MOITACO', '6', '6');
INSERT INTO `parroquias` VALUES ('127', '8', 'AGUEDO F ALVARADO     ', '2', '11');
INSERT INTO `parroquias` VALUES ('128', '9', 'BUENA VISTA ', '2', '11');
INSERT INTO `parroquias` VALUES ('129', '1', 'CATEDRAL     ', '2', '11');
INSERT INTO `parroquias` VALUES ('130', '5', 'EL CUJI     ', '2', '11');
INSERT INTO `parroquias` VALUES ('131', '7', 'JUAN DE VILLEGAS     ', '2', '11');
INSERT INTO `parroquias` VALUES ('132', '10', 'JUAREZ     ', '2', '11');
INSERT INTO `parroquias` VALUES ('133', '2', 'LA CONCEPCION     ', '2', '11');
INSERT INTO `parroquias` VALUES ('134', '3', 'SANTA ROSA     ', '2', '11');
INSERT INTO `parroquias` VALUES ('135', '6', 'TAMACA     ', '2', '11');
INSERT INTO `parroquias` VALUES ('136', '4', 'UNION', '2', '11');
INSERT INTO `parroquias` VALUES ('137', '1', 'PIO TAMAYO ', '8', '11');
INSERT INTO `parroquias` VALUES ('138', '3', 'QUEBRADA HONDA DE GUACHE     ', '8', '11');
INSERT INTO `parroquias` VALUES ('139', '2', 'YACAMBU', '8', '11');
INSERT INTO `parroquias` VALUES ('140', '1', 'FREITEZ     ', '1', '11');
INSERT INTO `parroquias` VALUES ('141', '2', 'JOSE MARIA BLANCO', '1', '11');
INSERT INTO `parroquias` VALUES ('142', '8', 'CORONEL MARIANO PERAZA     ', '3', '11');
INSERT INTO `parroquias` VALUES ('143', '4', 'CUARA     ', '3', '11');
INSERT INTO `parroquias` VALUES ('144', '2', 'DIEGO DE LOZADA     ', '3', '11');
INSERT INTO `parroquias` VALUES ('145', '7', 'JOSE BERNARDO DORANTE     ', '3', '11');
INSERT INTO `parroquias` VALUES ('146', '1', 'JUAN BAUTISTA RODRIGUEZ     ', '3', '11');
INSERT INTO `parroquias` VALUES ('147', '5', 'PARAISO DE SAN JOSE     ', '3', '11');
INSERT INTO `parroquias` VALUES ('148', '3', 'SAN MIGUEL ', '3', '11');
INSERT INTO `parroquias` VALUES ('149', '6', 'TINTORERO', '3', '11');
INSERT INTO `parroquias` VALUES ('150', '2', 'ANZOATEGUI     ', '4', '11');
INSERT INTO `parroquias` VALUES ('151', '1', 'BOLIVAR     ', '4', '11');
INSERT INTO `parroquias` VALUES ('152', '3', 'GUARICO     ', '4', '11');
INSERT INTO `parroquias` VALUES ('153', '7', 'HILARIO LUNA Y LUNA     ', '4', '11');
INSERT INTO `parroquias` VALUES ('154', '4', 'HUMOCARO ALTO     ', '4', '11');
INSERT INTO `parroquias` VALUES ('155', '5', 'HUMOCARO BAJO     ', '4', '11');
INSERT INTO `parroquias` VALUES ('156', '8', 'LA CANDELARIA     ', '4', '11');
INSERT INTO `parroquias` VALUES ('157', '6', 'MORAN', '4', '11');
INSERT INTO `parroquias` VALUES ('158', '3', 'AGUA VIVA     ', '5', '11');
INSERT INTO `parroquias` VALUES ('159', '1', 'CABUDARE     ', '5', '11');
INSERT INTO `parroquias` VALUES ('160', '2', 'JOSE GREGORIO BASTIDAS', '5', '11');
INSERT INTO `parroquias` VALUES ('161', '3', 'BURIA     ', '9', '11');
INSERT INTO `parroquias` VALUES ('162', '2', 'GUSTAVO VEGAS LEON     ', '9', '11');
INSERT INTO `parroquias` VALUES ('163', '1', 'SARARE', '9', '11');
INSERT INTO `parroquias` VALUES ('164', '17', 'ALTAGRACIA     ', '6', '11');
INSERT INTO `parroquias` VALUES ('165', '2', 'ANTONIO DIAZ     ', '6', '11');
INSERT INTO `parroquias` VALUES ('166', '3', 'CAMACARO     ', '6', '11');
INSERT INTO `parroquias` VALUES ('167', '4', 'CASTAÑEDA     ', '6', '11');
INSERT INTO `parroquias` VALUES ('168', '15', 'CECILIO ZUBILLAGA     ', '6', '11');
INSERT INTO `parroquias` VALUES ('169', '5', 'CHIQUINQUIRA     ', '6', '11');
INSERT INTO `parroquias` VALUES ('170', '11', 'EL BLANCO     ', '6', '11');
INSERT INTO `parroquias` VALUES ('171', '6', 'ESPINOZA LOS MONTEROS     ', '6', '11');
INSERT INTO `parroquias` VALUES ('172', '13', 'HERIBERTO ARROYO ', '6', '11');
INSERT INTO `parroquias` VALUES ('173', '7', 'LARA     ', '6', '11');
INSERT INTO `parroquias` VALUES ('174', '14', 'LAS MERCEDES     ', '6', '11');
INSERT INTO `parroquias` VALUES ('175', '8', 'MANUEL MORILLO     ', '6', '11');
INSERT INTO `parroquias` VALUES ('176', '12', 'MONTA A VERDE     ', '6', '11');
INSERT INTO `parroquias` VALUES ('177', '9', 'MONTES DE OCA     ', '6', '11');
INSERT INTO `parroquias` VALUES ('178', '16', 'REYES VARGAS     ', '6', '11');
INSERT INTO `parroquias` VALUES ('179', '10', 'TORRES     ', '6', '11');
INSERT INTO `parroquias` VALUES ('180', '1', 'TRINIDAD SAMUEL', '6', '11');
INSERT INTO `parroquias` VALUES ('181', '4', 'MOROTURO     ', '7', '11');
INSERT INTO `parroquias` VALUES ('182', '2', 'SAN MIGUEL     ', '7', '11');
INSERT INTO `parroquias` VALUES ('183', '1', 'SIQUISIQUE     ', '7', '11');
INSERT INTO `parroquias` VALUES ('184', '3', 'XAGUAS', '7', '11');
INSERT INTO `parroquias` VALUES ('185', '1', 'FERNANDO GIRON TOVAR ', '1', '22');
INSERT INTO `parroquias` VALUES ('186', '2', 'LUIS ALBERTO GOMEZ     ', '1', '22');
INSERT INTO `parroquias` VALUES ('187', '3', 'PARHUEÑA     ', '1', '22');
INSERT INTO `parroquias` VALUES ('188', '4', 'PLATANILLAL', '1', '22');
INSERT INTO `parroquias` VALUES ('189', '1', 'LA ESMERALDA     ', '7', '22');
INSERT INTO `parroquias` VALUES ('190', '2', 'HUACHAMACARE ', '7', '22');
INSERT INTO `parroquias` VALUES ('191', '3', 'MARAWAKA     ', '7', '22');
INSERT INTO `parroquias` VALUES ('192', '4', 'MAVACA     ', '7', '22');
INSERT INTO `parroquias` VALUES ('193', '5', 'SIERRA PARIMA', '7', '22');
INSERT INTO `parroquias` VALUES ('194', '1', 'SAN FERNANDO DE ATABAPO', '2', '22');
INSERT INTO `parroquias` VALUES ('195', '4', 'CANAME ', '2', '22');
INSERT INTO `parroquias` VALUES ('196', '2', 'UCATA     ', '2', '22');
INSERT INTO `parroquias` VALUES ('197', '3', 'YAPACANA', '2', '22');
INSERT INTO `parroquias` VALUES ('198', '1', 'ISLA DE RATON     ', '5', '22');
INSERT INTO `parroquias` VALUES ('199', '5', 'GUAYAPO     ', '5', '22');
INSERT INTO `parroquias` VALUES ('200', '4', 'MUNDUAPO     ', '5', '22');
INSERT INTO `parroquias` VALUES ('201', '2', 'SAMARIAPO     ', '5', '22');
INSERT INTO `parroquias` VALUES ('202', '3', 'SIPAPO', '5', '22');
INSERT INTO `parroquias` VALUES ('203', '1', 'SAN JUAN DE MANAPIARE     ', '6', '22');
INSERT INTO `parroquias` VALUES ('204', '2', 'ALTO VENTUARI     ', '6', '22');
INSERT INTO `parroquias` VALUES ('205', '4', 'BAJO VENTUARI     ', '6', '22');
INSERT INTO `parroquias` VALUES ('206', '3', 'MEDIO VENTUARI', '6', '22');
INSERT INTO `parroquias` VALUES ('207', '1', 'MAROA     ', '3', '22');
INSERT INTO `parroquias` VALUES ('208', '3', 'COMUNIDAD ', '3', '22');
INSERT INTO `parroquias` VALUES ('209', '2', 'VICTORINO', '3', '22');
INSERT INTO `parroquias` VALUES ('210', '1', 'SAN CARLOS DE RIO NEGRO     ', '4', '22');
INSERT INTO `parroquias` VALUES ('211', '3', 'CASIQUIARE     ', '4', '22');
INSERT INTO `parroquias` VALUES ('212', '4', 'COCUY ', '4', '22');
INSERT INTO `parroquias` VALUES ('213', '2', 'SOLANO', '4', '22');
INSERT INTO `parroquias` VALUES ('214', '3', 'BERGANTIN', '3', '2');
INSERT INTO `parroquias` VALUES ('215', '4', 'CAIGUA', '3', '2');
INSERT INTO `parroquias` VALUES ('216', '1', 'EL CARMEN', '3', '2');
INSERT INTO `parroquias` VALUES ('217', '5', 'EL PILAR', '3', '2');
INSERT INTO `parroquias` VALUES ('218', '6', 'NARICUAL', '3', '2');
INSERT INTO `parroquias` VALUES ('219', '2', 'SAN CRISTOBAL', '3', '2');
INSERT INTO `parroquias` VALUES ('220', '1', 'ANACO', '1', '2');
INSERT INTO `parroquias` VALUES ('221', '2', 'SAN JOAQUIN', '1', '2');
INSERT INTO `parroquias` VALUES ('222', '1', 'CM. ARAGUA DE BARCELONA', '2', '2');
INSERT INTO `parroquias` VALUES ('223', '2', 'CACHIPO', '2', '2');
INSERT INTO `parroquias` VALUES ('224', '1', 'CLARINES', '4', '2');
INSERT INTO `parroquias` VALUES ('225', '2', 'GUANAPE', '4', '2');
INSERT INTO `parroquias` VALUES ('226', '3', 'SABANA DE UCHIRE', '4', '2');
INSERT INTO `parroquias` VALUES ('227', '1', 'ONOTO', '5', '2');
INSERT INTO `parroquias` VALUES ('228', '2', 'SAN PABLO', '5', '2');
INSERT INTO `parroquias` VALUES ('229', '2', 'SANTA BARBARA', '18', '2');
INSERT INTO `parroquias` VALUES ('230', '1', 'VALLE GUANAPE', '18', '2');
INSERT INTO `parroquias` VALUES ('231', '1', 'CANTAURA ', '6', '2');
INSERT INTO `parroquias` VALUES ('232', '2', 'LIBERTADOR', '6', '2');
INSERT INTO `parroquias` VALUES ('233', '3', 'SANTA ROSA', '6', '2');
INSERT INTO `parroquias` VALUES ('234', '4', 'URICA', '6', '2');
INSERT INTO `parroquias` VALUES ('235', '1', 'SAN JOSE DE GUANIPA', '14', '2');
INSERT INTO `parroquias` VALUES ('236', '2', 'CHORRERON', '15', '2');
INSERT INTO `parroquias` VALUES ('237', '1', 'GUANTA', '15', '2');
INSERT INTO `parroquias` VALUES ('238', '1', 'CM. SOLEDAD', '7', '2');
INSERT INTO `parroquias` VALUES ('239', '2', 'MAMO', '7', '2');
INSERT INTO `parroquias` VALUES ('240', '2', 'EL MORRO', '17', '2');
INSERT INTO `parroquias` VALUES ('241', '1', 'LECHERIAS', '17', '2');
INSERT INTO `parroquias` VALUES ('242', '1', 'SAN MATEO', '8', '2');
INSERT INTO `parroquias` VALUES ('243', '2', 'EL CARITO', '8', '2');
INSERT INTO `parroquias` VALUES ('244', '3', 'SANTA INES', '8', '2');
INSERT INTO `parroquias` VALUES ('245', '1', 'EL CHAPARRO', '20', '2');
INSERT INTO `parroquias` VALUES ('246', '2', 'TOMAS ALFARO CALATRAVA', '20', '2');
INSERT INTO `parroquias` VALUES ('247', '1', 'PARIAGUAN', '9', '2');
INSERT INTO `parroquias` VALUES ('248', '2', 'ATAPIRIRE', '9', '2');
INSERT INTO `parroquias` VALUES ('249', '3', 'BOCA DEL PAO', '9', '2');
INSERT INTO `parroquias` VALUES ('250', '4', 'EL PAO', '9', '2');
INSERT INTO `parroquias` VALUES ('251', '1', 'MAPIRE', '10', '2');
INSERT INTO `parroquias` VALUES ('252', '2', 'PIAR', '10', '2');
INSERT INTO `parroquias` VALUES ('253', '4', 'SANTA CLARA', '10', '2');
INSERT INTO `parroquias` VALUES ('254', '3', 'SN DIEGO DE CABRUTICA', '10', '2');
INSERT INTO `parroquias` VALUES ('255', '5', 'UVERITO', '10', '2');
INSERT INTO `parroquias` VALUES ('256', '6', 'ZUATA', '10', '2');
INSERT INTO `parroquias` VALUES ('257', '1', 'PUERTO PIRITU', '11', '2');
INSERT INTO `parroquias` VALUES ('258', '2', 'SAN MIGUEL', '11', '2');
INSERT INTO `parroquias` VALUES ('259', '3', 'SUCRE', '11', '2');
INSERT INTO `parroquias` VALUES ('260', '1', 'PIRITU', '16', '2');
INSERT INTO `parroquias` VALUES ('261', '2', 'SAN FRANCISCO', '16', '2');
INSERT INTO `parroquias` VALUES ('262', '2', 'PUEBLO NUEVO', '19', '2');
INSERT INTO `parroquias` VALUES ('263', '1', 'SANTA ANA', '19', '2');
INSERT INTO `parroquias` VALUES ('264', '1', 'EL TIGRE', '12', '2');
INSERT INTO `parroquias` VALUES ('265', '2', 'BOCA DE CHAVEZ', '21', '2');
INSERT INTO `parroquias` VALUES ('266', '1', 'BOCA UCHIRE', '21', '2');
INSERT INTO `parroquias` VALUES ('267', '2', 'PUERTO LA CRUZ', '13', '2');
INSERT INTO `parroquias` VALUES ('268', '1', 'POZUELOS', '13', '2');
INSERT INTO `parroquias` VALUES ('269', '13', 'ANTONIO SPINETTI DINI', '8', '12');
INSERT INTO `parroquias` VALUES ('270', '1', 'ARIAS', '8', '12');
INSERT INTO `parroquias` VALUES ('271', '11', 'CARACCIOLO PARRA P', '8', '12');
INSERT INTO `parroquias` VALUES ('272', '7', 'DOMINGO PEÑA', '8', '12');
INSERT INTO `parroquias` VALUES ('273', '4', 'EL LLANO', '8', '12');
INSERT INTO `parroquias` VALUES ('274', '14', 'EL MORRO', '8', '12');
INSERT INTO `parroquias` VALUES ('275', '8', 'GONZALO PICON FEBRES', '8', '12');
INSERT INTO `parroquias` VALUES ('276', '6', 'JACINTO PLAZA', '8', '12');
INSERT INTO `parroquias` VALUES ('277', '5', 'JUAN RODRIGUEZ SUAREZ', '8', '12');
INSERT INTO `parroquias` VALUES ('278', '10', 'LASSO DE LA VEGA', '8', '12');
INSERT INTO `parroquias` VALUES ('279', '15', 'LOS NEVADOS', '8', '12');
INSERT INTO `parroquias` VALUES ('280', '12', 'MARIANO PICON SALAS', '8', '12');
INSERT INTO `parroquias` VALUES ('281', '3', 'MILLA', '8', '12');
INSERT INTO `parroquias` VALUES ('282', '9', 'OSUNA RODRIGUEZ', '8', '12');
INSERT INTO `parroquias` VALUES ('283', '2', 'SAGRARIO', '8', '12');
INSERT INTO `parroquias` VALUES ('284', '1', 'GABRIEL PICON G', '1', '12');
INSERT INTO `parroquias` VALUES ('285', '2', 'HECTOR AMABLE MORA', '1', '12');
INSERT INTO `parroquias` VALUES ('286', '3', 'JOSE NUCETE SARDI', '1', '12');
INSERT INTO `parroquias` VALUES ('287', '6', 'PRESIDENTE BETANCOURT', '1', '12');
INSERT INTO `parroquias` VALUES ('288', '7', 'PRESIDENTE PAEZ', '1', '12');
INSERT INTO `parroquias` VALUES ('289', '5', 'PTE. ROMULO GALLEGOS', '1', '12');
INSERT INTO `parroquias` VALUES ('290', '4', 'PULIDO MENDEZ', '1', '12');
INSERT INTO `parroquias` VALUES ('291', '1', 'LA AZULITA', '2', '12');
INSERT INTO `parroquias` VALUES ('292', '1', 'STA CRUZ DE MORA', '11', '12');
INSERT INTO `parroquias` VALUES ('293', '2', 'MESA BOLIVAR', '11', '12');
INSERT INTO `parroquias` VALUES ('294', '3', 'MESA DE LAS PALMAS', '11', '12');
INSERT INTO `parroquias` VALUES ('295', '1', 'ARICAGUA', '22', '12');
INSERT INTO `parroquias` VALUES ('296', '2', 'SAN ANTONIO', '22', '12');
INSERT INTO `parroquias` VALUES ('297', '1', 'CANAGUA', '3', '12');
INSERT INTO `parroquias` VALUES ('298', '2', 'CAPURI', '3', '12');
INSERT INTO `parroquias` VALUES ('299', '3', 'CHACANTA', '3', '12');
INSERT INTO `parroquias` VALUES ('300', '4', 'EL MOLINO', '3', '12');
INSERT INTO `parroquias` VALUES ('301', '5', 'GUAIMARAL', '3', '12');
INSERT INTO `parroquias` VALUES ('302', '7', 'MUCUCHACHI', '3', '12');
INSERT INTO `parroquias` VALUES ('303', '6', 'MUCUTUY', '3', '12');
INSERT INTO `parroquias` VALUES ('304', '1', 'ACEQUIAS', '4', '12');
INSERT INTO `parroquias` VALUES ('305', '7', 'FERNANDEZ PEÑA', '4', '12');
INSERT INTO `parroquias` VALUES ('306', '2', 'JAJI', '4', '12');
INSERT INTO `parroquias` VALUES ('307', '3', 'LA MESA', '4', '12');
INSERT INTO `parroquias` VALUES ('308', '6', 'MATRIZ', '4', '12');
INSERT INTO `parroquias` VALUES ('309', '5', 'MONTALBAN', '4', '12');
INSERT INTO `parroquias` VALUES ('310', '4', 'SAN JOSE', '4', '12');
INSERT INTO `parroquias` VALUES ('311', '1', 'TUCANI', '13', '12');
INSERT INTO `parroquias` VALUES ('312', '2', 'FLORENCIO RAMIREZ', '13', '12');
INSERT INTO `parroquias` VALUES ('313', '1', 'SANTO DOMINGO', '14', '12');
INSERT INTO `parroquias` VALUES ('314', '2', 'LAS PIEDRAS', '14', '12');
INSERT INTO `parroquias` VALUES ('315', '1', 'GUARAQUE', '5', '12');
INSERT INTO `parroquias` VALUES ('316', '2', 'MESA DE QUINTERO', '5', '12');
INSERT INTO `parroquias` VALUES ('317', '3', 'RIO NEGRO', '5', '12');
INSERT INTO `parroquias` VALUES ('318', '1', 'ARAPUEY', '6', '12');
INSERT INTO `parroquias` VALUES ('319', '2', 'PALMIRA', '6', '12');
INSERT INTO `parroquias` VALUES ('320', '1', 'TORONDOY', '7', '12');
INSERT INTO `parroquias` VALUES ('321', '2', 'SAN CRISTOBAL DE T', '7', '12');
INSERT INTO `parroquias` VALUES ('322', '1', 'CHACHOPO', '10', '12');
INSERT INTO `parroquias` VALUES ('323', '2', 'ANDRES ELOY BLANCO', '10', '12');
INSERT INTO `parroquias` VALUES ('324', '4', 'LA VENTA', '10', '12');
INSERT INTO `parroquias` VALUES ('325', '3', 'PIÑANGO', '10', '12');
INSERT INTO `parroquias` VALUES ('326', '1', 'STA ELENA DE ARENALES', '12', '12');
INSERT INTO `parroquias` VALUES ('327', '2', 'ELOY PAREDES', '12', '12');
INSERT INTO `parroquias` VALUES ('328', '3', 'PQ R DE ALCAZAR', '12', '12');
INSERT INTO `parroquias` VALUES ('329', '1', 'STA MARIA DE CAPARO', '21', '12');
INSERT INTO `parroquias` VALUES ('330', '1', 'PUEBLO LLANO', '15', '12');
INSERT INTO `parroquias` VALUES ('331', '1', 'MUCUCHIES', '16', '12');
INSERT INTO `parroquias` VALUES ('332', '4', 'CACUTE', '16', '12');
INSERT INTO `parroquias` VALUES ('333', '5', 'LA TOMA', '16', '12');
INSERT INTO `parroquias` VALUES ('334', '2', 'MUCURUBA', '16', '12');
INSERT INTO `parroquias` VALUES ('335', '3', 'SAN RAFAEL', '16', '12');
INSERT INTO `parroquias` VALUES ('336', '1', 'BAILADORES', '17', '12');
INSERT INTO `parroquias` VALUES ('337', '2', 'GERONIMO MALDONADO', '17', '12');
INSERT INTO `parroquias` VALUES ('338', '1', 'TABAY', '9', '12');
INSERT INTO `parroquias` VALUES ('339', '1', 'LAGUNILLAS', '18', '12');
INSERT INTO `parroquias` VALUES ('340', '2', 'CHIGUARA', '18', '12');
INSERT INTO `parroquias` VALUES ('341', '3', 'ESTANQUES', '18', '12');
INSERT INTO `parroquias` VALUES ('342', '6', 'LA TRAMPA', '18', '12');
INSERT INTO `parroquias` VALUES ('343', '5', 'PUEBLO NUEVO DEL SUR', '18', '12');
INSERT INTO `parroquias` VALUES ('344', '4', 'SAN JUAN', '18', '12');
INSERT INTO `parroquias` VALUES ('345', '3', 'EL AMPARO', '19', '12');
INSERT INTO `parroquias` VALUES ('346', '1', 'EL LLANO', '19', '12');
INSERT INTO `parroquias` VALUES ('347', '4', 'SAN FRANCISCO', '19', '12');
INSERT INTO `parroquias` VALUES ('348', '2', 'TOVAR', '19', '12');
INSERT INTO `parroquias` VALUES ('349', '1', 'NUEVA BOLIVIA', '20', '12');
INSERT INTO `parroquias` VALUES ('350', '2', 'INDEPENDENCIA', '20', '12');
INSERT INTO `parroquias` VALUES ('351', '3', 'MARIA C PALACIOS', '20', '12');
INSERT INTO `parroquias` VALUES ('352', '4', 'SANTA APOLONIA', '20', '12');
INSERT INTO `parroquias` VALUES ('353', '1', 'ZEA', '23', '12');
INSERT INTO `parroquias` VALUES ('354', '2', 'CAÑO EL TIGRE', '23', '12');
INSERT INTO `parroquias` VALUES ('355', '5', 'DR. FCO. ROMERO LOBO', '8', '18');
INSERT INTO `parroquias` VALUES ('356', '1', 'LA CONCORDIA', '8', '18');
INSERT INTO `parroquias` VALUES ('357', '2', 'PEDRO MARIA MORANTES', '8', '18');
INSERT INTO `parroquias` VALUES ('358', '4', 'SAN SEBASTIAN', '8', '18');
INSERT INTO `parroquias` VALUES ('359', '3', 'SN JUAN BAUTISTA', '8', '18');
INSERT INTO `parroquias` VALUES ('360', '1', 'CORDERO', '18', '18');
INSERT INTO `parroquias` VALUES ('361', '1', 'LAS MESAS', '23', '18');
INSERT INTO `parroquias` VALUES ('362', '1', 'COLON', '1', '18');
INSERT INTO `parroquias` VALUES ('363', '2', 'RIVAS BERTI', '1', '18');
INSERT INTO `parroquias` VALUES ('364', '3', 'SAN PEDRO DEL RIO', '1', '18');
INSERT INTO `parroquias` VALUES ('365', '1', 'SAN ANT DEL TACHIRA', '2', '18');
INSERT INTO `parroquias` VALUES ('366', '4', 'ISAIAS MEDINA ANGARIT', '2', '18');
INSERT INTO `parroquias` VALUES ('367', '3', 'JUAN VICENTE GOMEZ', '2', '18');
INSERT INTO `parroquias` VALUES ('368', '2', 'PALOTAL', '2', '18');
INSERT INTO `parroquias` VALUES ('369', '1', 'TARIBA', '4', '18');
INSERT INTO `parroquias` VALUES ('370', '3', 'AMENODORO RANGEL LAMU', '4', '18');
INSERT INTO `parroquias` VALUES ('371', '2', 'LA FLORIDA', '4', '18');
INSERT INTO `parroquias` VALUES ('372', '1', 'STA. ANA DEL TACHIRA', '10', '18');
INSERT INTO `parroquias` VALUES ('373', '1', 'SAN JOSE DE BOLIVAR', '24', '18');
INSERT INTO `parroquias` VALUES ('374', '1', 'SAN RAFAEL DEL PINAL', '19', '18');
INSERT INTO `parroquias` VALUES ('375', '3', 'ALBERTO ADRIANI', '19', '18');
INSERT INTO `parroquias` VALUES ('376', '2', 'SANTO DOMINGO', '19', '18');
INSERT INTO `parroquias` VALUES ('377', '1', 'LA FRIA', '11', '18');
INSERT INTO `parroquias` VALUES ('378', '2', 'BOCA DE GRITA', '11', '18');
INSERT INTO `parroquias` VALUES ('379', '3', 'JOSE ANTONIO PAEZ', '11', '18');
INSERT INTO `parroquias` VALUES ('380', '1', 'PALMIRA', '12', '18');
INSERT INTO `parroquias` VALUES ('381', '1', 'CAPACHO NUEVO', '3', '18');
INSERT INTO `parroquias` VALUES ('382', '2', 'JUAN GERMAN ROSCIO', '3', '18');
INSERT INTO `parroquias` VALUES ('383', '3', 'ROMAN CARDENAS', '3', '18');
INSERT INTO `parroquias` VALUES ('384', '1', 'LA GRITA', '5', '18');
INSERT INTO `parroquias` VALUES ('385', '2', 'EMILIO C. GUERRERO', '5', '18');
INSERT INTO `parroquias` VALUES ('386', '3', 'MONS. MIGUEL A SALAS', '5', '18');
INSERT INTO `parroquias` VALUES ('387', '1', 'EL COBRE', '25', '18');
INSERT INTO `parroquias` VALUES ('388', '1', 'RUBIO', '6', '18');
INSERT INTO `parroquias` VALUES ('389', '2', 'BRAMON', '6', '18');
INSERT INTO `parroquias` VALUES ('390', '3', 'LA PETROLEA', '6', '18');
INSERT INTO `parroquias` VALUES ('391', '4', 'QUINIMARI', '6', '18');
INSERT INTO `parroquias` VALUES ('392', '1', 'CAPACHO VIEJO', '20', '18');
INSERT INTO `parroquias` VALUES ('393', '2', 'CIPRIANO CASTRO', '20', '18');
INSERT INTO `parroquias` VALUES ('394', '3', 'MANUEL FELIPE RUGELES', '20', '18');
INSERT INTO `parroquias` VALUES ('395', '1', 'ABEJALES', '14', '18');
INSERT INTO `parroquias` VALUES ('396', '3', 'DORADAS', '14', '18');
INSERT INTO `parroquias` VALUES ('397', '4', 'EMETERIO OCHOA', '14', '18');
INSERT INTO `parroquias` VALUES ('398', '2', 'SAN JOAQUIN DE NAVAY', '14', '18');
INSERT INTO `parroquias` VALUES ('399', '1', 'LOBATERA', '7', '18');
INSERT INTO `parroquias` VALUES ('400', '2', 'CONSTITUCION', '7', '18');
INSERT INTO `parroquias` VALUES ('401', '1', 'MICHELENA', '13', '18');
INSERT INTO `parroquias` VALUES ('402', '1', 'COLONCITO', '15', '18');
INSERT INTO `parroquias` VALUES ('403', '2', 'LA PALMITA', '15', '18');
INSERT INTO `parroquias` VALUES ('404', '1', 'UREÑA', '16', '18');
INSERT INTO `parroquias` VALUES ('405', '2', 'NUEVA ARCADIA', '16', '18');
INSERT INTO `parroquias` VALUES ('406', '1', 'DELICIAS', '26', '18');
INSERT INTO `parroquias` VALUES ('407', '1', 'LA TENDIDA', '21', '18');
INSERT INTO `parroquias` VALUES ('408', '2', 'BOCONO', '21', '18');
INSERT INTO `parroquias` VALUES ('409', '3', 'HERNANDEZ', '21', '18');
INSERT INTO `parroquias` VALUES ('410', '1', 'UMUQUENA', '29', '18');
INSERT INTO `parroquias` VALUES ('411', '1', 'SEBORUCO', '22', '18');
INSERT INTO `parroquias` VALUES ('412', '1', 'SAN SIMON', '27', '18');
INSERT INTO `parroquias` VALUES ('413', '1', 'QUENIQUEA', '17', '18');
INSERT INTO `parroquias` VALUES ('414', '3', 'ELEAZAR LOPEZ CONTRERA', '17', '18');
INSERT INTO `parroquias` VALUES ('415', '2', 'SAN PABLO', '17', '18');
INSERT INTO `parroquias` VALUES ('416', '1', 'SAN JOSECITO', '28', '18');
INSERT INTO `parroquias` VALUES ('417', '1', 'PREGONERO', '9', '18');
INSERT INTO `parroquias` VALUES ('418', '2', 'CARDENAS', '9', '18');
INSERT INTO `parroquias` VALUES ('419', '4', 'JUAN PABLO PEÑALOZA', '9', '18');
INSERT INTO `parroquias` VALUES ('420', '3', 'POTOSI', '9', '18');
INSERT INTO `parroquias` VALUES ('421', '1', 'CARABALLEDA', '1', '24');
INSERT INTO `parroquias` VALUES ('422', '2', 'CARAYACA', '1', '24');
INSERT INTO `parroquias` VALUES ('423', '11', 'CARLOS SOUBLETTE', '1', '24');
INSERT INTO `parroquias` VALUES ('424', '3', 'CARUAO', '1', '24');
INSERT INTO `parroquias` VALUES ('425', '4', 'CATIA LA MAR', '1', '24');
INSERT INTO `parroquias` VALUES ('426', '9', 'EL JUNKO', '1', '24');
INSERT INTO `parroquias` VALUES ('427', '5', 'LA GUAIRA', '1', '24');
INSERT INTO `parroquias` VALUES ('428', '6', 'MACUTO', '1', '24');
INSERT INTO `parroquias` VALUES ('429', '7', 'MAIQUETIA', '1', '24');
INSERT INTO `parroquias` VALUES ('430', '8', 'NAIGUATA', '1', '24');
INSERT INTO `parroquias` VALUES ('431', '10', 'URIMARE', '1', '24');
INSERT INTO `parroquias` VALUES ('432', '1', '23 DE ENERO', '1', '1');
INSERT INTO `parroquias` VALUES ('433', '2', 'ALTAGRACIA', '1', '1');
INSERT INTO `parroquias` VALUES ('434', '3', 'ANTIMANO', '1', '1');
INSERT INTO `parroquias` VALUES ('435', '4', 'CANDELARIA', '1', '1');
INSERT INTO `parroquias` VALUES ('436', '5', 'CARICUAO', '1', '1');
INSERT INTO `parroquias` VALUES ('437', '6', 'CATEDRAL', '1', '1');
INSERT INTO `parroquias` VALUES ('438', '7', 'COCHE', '1', '1');
INSERT INTO `parroquias` VALUES ('439', '8', 'EL JUNQUITO', '1', '1');
INSERT INTO `parroquias` VALUES ('440', '9', 'EL PARAISO', '1', '1');
INSERT INTO `parroquias` VALUES ('441', '10', 'EL RECREO', '1', '1');
INSERT INTO `parroquias` VALUES ('442', '11', 'EL VALLE', '1', '1');
INSERT INTO `parroquias` VALUES ('443', '12', 'LA PASTORA', '1', '1');
INSERT INTO `parroquias` VALUES ('444', '13', 'LA VEGA', '1', '1');
INSERT INTO `parroquias` VALUES ('445', '14', 'MACARAO', '1', '1');
INSERT INTO `parroquias` VALUES ('446', '15', 'SAN AGUSTIN', '1', '1');
INSERT INTO `parroquias` VALUES ('447', '16', 'SAN BERNARDINO', '1', '1');
INSERT INTO `parroquias` VALUES ('448', '17', 'SAN JOSE', '1', '1');
INSERT INTO `parroquias` VALUES ('449', '18', 'SAN JUAN', '1', '1');
INSERT INTO `parroquias` VALUES ('450', '19', 'SAN PEDRO', '1', '1');
INSERT INTO `parroquias` VALUES ('451', '20', 'SANTA ROSALIA', '1', '1');
INSERT INTO `parroquias` VALUES ('452', '21', 'SANTA TERESA', '1', '1');
INSERT INTO `parroquias` VALUES ('453', '22', 'SUCRE', '1', '1');
INSERT INTO `parroquias` VALUES ('454', '1', 'BEJUMA', '1', '7');
INSERT INTO `parroquias` VALUES ('455', '2', 'CANOABO', '1', '7');
INSERT INTO `parroquias` VALUES ('456', '3', 'SIMON BOLIVAR', '1', '7');
INSERT INTO `parroquias` VALUES ('457', '1', 'GUIGUE', '2', '7');
INSERT INTO `parroquias` VALUES ('458', '2', 'BELEN', '2', '7');
INSERT INTO `parroquias` VALUES ('459', '3', 'TACARIGUA', '2', '7');
INSERT INTO `parroquias` VALUES ('460', '1', 'MARIARA', '3', '7');
INSERT INTO `parroquias` VALUES ('461', '2', 'AGUAS CALIENTES ', '3', '7');
INSERT INTO `parroquias` VALUES ('462', '1', 'GUACARA', '4', '7');
INSERT INTO `parroquias` VALUES ('463', '2', 'CIUDAD ALIANZA', '4', '7');
INSERT INTO `parroquias` VALUES ('464', '3', 'YAGUA', '4', '7');
INSERT INTO `parroquias` VALUES ('465', '1', 'MONTALBAN', '5', '7');
INSERT INTO `parroquias` VALUES ('466', '1', 'MORON', '6', '7');
INSERT INTO `parroquias` VALUES ('467', '2', 'URAMA', '6', '7');
INSERT INTO `parroquias` VALUES ('468', '1', 'DEMOCRACIA', '7', '7');
INSERT INTO `parroquias` VALUES ('469', '2', 'FRATERNIDAD', '7', '7');
INSERT INTO `parroquias` VALUES ('470', '3', 'GOAIGOAZA', '7', '7');
INSERT INTO `parroquias` VALUES ('471', '4', 'JUAN JOSE FLORES', '7', '7');
INSERT INTO `parroquias` VALUES ('472', '5', 'BARTOLOME SALOM', '7', '7');
INSERT INTO `parroquias` VALUES ('473', '6', 'UNION', '7', '7');
INSERT INTO `parroquias` VALUES ('474', '7', 'BORBURATA', '7', '7');
INSERT INTO `parroquias` VALUES ('475', '8', 'PATANEMO', '7', '7');
INSERT INTO `parroquias` VALUES ('476', '1', 'SAN JOAQUIN', '8', '7');
INSERT INTO `parroquias` VALUES ('477', '1', 'CANDELARIA', '9', '7');
INSERT INTO `parroquias` VALUES ('478', '2', 'CATEDRAL', '9', '7');
INSERT INTO `parroquias` VALUES ('479', '3', 'EL SOCORRO', '9', '7');
INSERT INTO `parroquias` VALUES ('480', '4', 'MIGUEL PEÑA', '9', '7');
INSERT INTO `parroquias` VALUES ('481', '5', 'SAN BLAS', '9', '7');
INSERT INTO `parroquias` VALUES ('482', '6', 'SAN JOSE', '9', '7');
INSERT INTO `parroquias` VALUES ('483', '7', 'SANTA ROSA', '9', '7');
INSERT INTO `parroquias` VALUES ('484', '8', 'RAFAEL URDANETA', '9', '7');
INSERT INTO `parroquias` VALUES ('485', '9', 'NEGRO PRIMERO', '9', '7');
INSERT INTO `parroquias` VALUES ('486', '1', 'MIRANDA', '10', '7');
INSERT INTO `parroquias` VALUES ('487', '1', 'LOS GUAYOS', '11', '7');
INSERT INTO `parroquias` VALUES ('488', '1', 'NAGUANAGUA', '12', '7');
INSERT INTO `parroquias` VALUES ('489', '1', 'URB SAN DIEGO', '13', '7');
INSERT INTO `parroquias` VALUES ('490', '1', 'TOCUYITO', '14', '7');
INSERT INTO `parroquias` VALUES ('491', '2', 'INDEPENDENCIA', '14', '7');
INSERT INTO `parroquias` VALUES ('492', '1', 'COJEDES', '1', '8');
INSERT INTO `parroquias` VALUES ('493', '2', 'JUAN DE MATA SUAREZ', '1', '8');
INSERT INTO `parroquias` VALUES ('494', '1', 'TINAQUILLO', '2', '8');
INSERT INTO `parroquias` VALUES ('495', '1', 'EL BAUL', '3', '8');
INSERT INTO `parroquias` VALUES ('496', '2', 'SUCRE', '3', '8');
INSERT INTO `parroquias` VALUES ('497', '1', 'EL PAO', '4', '8');
INSERT INTO `parroquias` VALUES ('498', '1', 'LIBERTAD DE COJEDES', '5', '8');
INSERT INTO `parroquias` VALUES ('499', '2', 'EL AMPARO', '5', '8');
INSERT INTO `parroquias` VALUES ('500', '1', 'SAN CARLOS DE AUSTRIA', '6', '8');
INSERT INTO `parroquias` VALUES ('501', '2', 'JUAN ANGEL BRAVO', '6', '8');
INSERT INTO `parroquias` VALUES ('502', '3', 'MANUEL MANRIQUE', '6', '8');
INSERT INTO `parroquias` VALUES ('503', '1', 'GRL JEFE JOSE L SILVA', '7', '8');
INSERT INTO `parroquias` VALUES ('504', '1', 'MACAPO', '8', '8');
INSERT INTO `parroquias` VALUES ('505', '2', 'LA AGUADITA', '8', '8');
INSERT INTO `parroquias` VALUES ('506', '1', 'ROMULO GALLEGOS', '9', '8');
INSERT INTO `parroquias` VALUES ('507', '1', 'SAN JUAN DE LOS CAYOS', '1', '9');
INSERT INTO `parroquias` VALUES ('508', '2', 'CAPADARE', '1', '9');
INSERT INTO `parroquias` VALUES ('509', '3', 'LA PASTORA', '1', '9');
INSERT INTO `parroquias` VALUES ('510', '4', 'LIBERTADOR', '1', '9');
INSERT INTO `parroquias` VALUES ('511', '1', 'SAN LUIS', '2', '9');
INSERT INTO `parroquias` VALUES ('512', '2', 'ARACUA', '2', '9');
INSERT INTO `parroquias` VALUES ('513', '3', 'LA PEÑA', '2', '9');
INSERT INTO `parroquias` VALUES ('514', '1', 'CAPATARIDA', '3', '9');
INSERT INTO `parroquias` VALUES ('515', '2', 'BOROJO', '3', '9');
INSERT INTO `parroquias` VALUES ('516', '3', 'SEQUE', '3', '9');
INSERT INTO `parroquias` VALUES ('517', '4', 'ZAZARIDA', '3', '9');
INSERT INTO `parroquias` VALUES ('518', '5', 'BARIRO', '3', '9');
INSERT INTO `parroquias` VALUES ('519', '6', 'GUAJIRO', '3', '9');
INSERT INTO `parroquias` VALUES ('520', '1', 'NORTE', '4', '9');
INSERT INTO `parroquias` VALUES ('521', '2', 'CARIRUBANA', '4', '9');
INSERT INTO `parroquias` VALUES ('522', '3', 'PUNTA CARDON', '4', '9');
INSERT INTO `parroquias` VALUES ('523', '4', 'SANTA ANA', '4', '9');
INSERT INTO `parroquias` VALUES ('524', '1', 'LA VELA DE CORO', '5', '9');
INSERT INTO `parroquias` VALUES ('525', '2', 'ACURIGUA', '5', '9');
INSERT INTO `parroquias` VALUES ('526', '3', 'GUAIBACOA', '5', '9');
INSERT INTO `parroquias` VALUES ('527', '4', 'MACORUCA', '5', '9');
INSERT INTO `parroquias` VALUES ('528', '5', 'LAS CALDERAS', '5', '9');
INSERT INTO `parroquias` VALUES ('529', '1', 'PEDREGAL', '6', '9');
INSERT INTO `parroquias` VALUES ('530', '2', 'AGUA CLARA', '6', '9');
INSERT INTO `parroquias` VALUES ('531', '3', 'AVARIA', '6', '9');
INSERT INTO `parroquias` VALUES ('532', '4', 'PIEDRA GRANDE', '6', '9');
INSERT INTO `parroquias` VALUES ('533', '5', 'PURURECHE', '6', '9');
INSERT INTO `parroquias` VALUES ('534', '1', 'PUEBLO NUEVO', '7', '9');
INSERT INTO `parroquias` VALUES ('535', '2', 'ADICORA', '7', '9');
INSERT INTO `parroquias` VALUES ('536', '3', 'BARAIVED', '7', '9');
INSERT INTO `parroquias` VALUES ('537', '4', 'BUENA VISTA', '7', '9');
INSERT INTO `parroquias` VALUES ('538', '5', 'JADACAQUIVA', '7', '9');
INSERT INTO `parroquias` VALUES ('539', '6', 'MORUY', '7', '9');
INSERT INTO `parroquias` VALUES ('540', '7', 'EL VINCULO ', '7', '9');
INSERT INTO `parroquias` VALUES ('541', '8', 'EL HATO', '7', '9');
INSERT INTO `parroquias` VALUES ('542', '9', 'ADAURE', '7', '9');
INSERT INTO `parroquias` VALUES ('543', '1', 'CHURUGUARA', '8', '9');
INSERT INTO `parroquias` VALUES ('544', '2', 'AGUA LARGA', '8', '9');
INSERT INTO `parroquias` VALUES ('545', '3', 'INDEPENDENCIA', '8', '9');
INSERT INTO `parroquias` VALUES ('546', '4', 'MAPARARI', '8', '9');
INSERT INTO `parroquias` VALUES ('547', '5', 'EL PAUJI', '8', '9');
INSERT INTO `parroquias` VALUES ('548', '1', 'MENE DE MAUROA', '9', '9');
INSERT INTO `parroquias` VALUES ('549', '2', 'CASIGUA', '9', '9');
INSERT INTO `parroquias` VALUES ('550', '3', 'SAN FELIX', '9', '9');
INSERT INTO `parroquias` VALUES ('551', '1', 'SAN ANTONIO', '10', '9');
INSERT INTO `parroquias` VALUES ('552', '2', 'SAN GABRIEL', '10', '9');
INSERT INTO `parroquias` VALUES ('553', '3', 'SANTA ANA', '10', '9');
INSERT INTO `parroquias` VALUES ('554', '4', 'GUZMAN GUILLERMO', '10', '9');
INSERT INTO `parroquias` VALUES ('555', '5', 'MITARE', '10', '9');
INSERT INTO `parroquias` VALUES ('556', '6', 'SABANETA', '10', '9');
INSERT INTO `parroquias` VALUES ('557', '7', 'RIO SECO', '10', '9');
INSERT INTO `parroquias` VALUES ('558', '1', 'CABURE', '11', '9');
INSERT INTO `parroquias` VALUES ('559', '2', 'CURIMAGUA', '11', '9');
INSERT INTO `parroquias` VALUES ('560', '3', 'COLINA', '11', '9');
INSERT INTO `parroquias` VALUES ('561', '1', 'TUCACAS', '12', '9');
INSERT INTO `parroquias` VALUES ('562', '2', 'BOCA DE AROA', '12', '9');
INSERT INTO `parroquias` VALUES ('563', '1', 'PUERTO CUMAREBO', '13', '9');
INSERT INTO `parroquias` VALUES ('564', '2', 'LA CIENAGA', '13', '9');
INSERT INTO `parroquias` VALUES ('565', '3', 'LA SOLEDAD', '13', '9');
INSERT INTO `parroquias` VALUES ('566', '4', 'PUEBLO CUMAREBO', '13', '9');
INSERT INTO `parroquias` VALUES ('567', '5', 'ZAZARIDA', '13', '9');
INSERT INTO `parroquias` VALUES ('568', '1', 'DABAJURO', '14', '9');
INSERT INTO `parroquias` VALUES ('569', '1', 'CHICHIRIVICHE', '15', '9');
INSERT INTO `parroquias` VALUES ('570', '2', 'BOCA DE TOCUYO ', '15', '9');
INSERT INTO `parroquias` VALUES ('571', '3', 'TOCUYO DE LA COSTA', '15', '9');
INSERT INTO `parroquias` VALUES ('572', '1', 'LOS TAQUES', '16', '9');
INSERT INTO `parroquias` VALUES ('573', '2', 'JUDIBANA ', '16', '9');
INSERT INTO `parroquias` VALUES ('574', '1', 'PIRITU', '17', '9');
INSERT INTO `parroquias` VALUES ('575', '2', 'SAN JOSE DE LA COSTA', '17', '9');
INSERT INTO `parroquias` VALUES ('576', '1', 'STA.CRUZ DE BUCARAL', '18', '9');
INSERT INTO `parroquias` VALUES ('577', '2', 'EL CHARAL', '18', '9');
INSERT INTO `parroquias` VALUES ('578', '3', 'LAS VEGAS DEL TUY', '18', '9');
INSERT INTO `parroquias` VALUES ('579', '1', 'MIRIMIRE', '19', '9');
INSERT INTO `parroquias` VALUES ('580', '1', 'JACURA', '20', '9');
INSERT INTO `parroquias` VALUES ('581', '2', 'AGUA LINDA', '20', '9');
INSERT INTO `parroquias` VALUES ('582', '3', 'ARAURIMA', '20', '9');
INSERT INTO `parroquias` VALUES ('583', '1', 'YARACAL', '21', '9');
INSERT INTO `parroquias` VALUES ('584', '1', 'PALMA SOLA', '22', '9');
INSERT INTO `parroquias` VALUES ('585', '1', 'SUCRE', '23', '9');
INSERT INTO `parroquias` VALUES ('586', '2', 'PECAYA', '23', '9');
INSERT INTO `parroquias` VALUES ('587', '1', 'URUMACO', '24', '9');
INSERT INTO `parroquias` VALUES ('588', '2', 'BRUZUAL', '24', '9');
INSERT INTO `parroquias` VALUES ('589', '1', 'TOCOPERO', '25', '9');
INSERT INTO `parroquias` VALUES ('590', '1', 'VALLE DE LA PASCUA', '1', '10');
INSERT INTO `parroquias` VALUES ('591', '2', 'ESPINO', '1', '10');
INSERT INTO `parroquias` VALUES ('592', '1', 'EL SOMBRERO', '2', '10');
INSERT INTO `parroquias` VALUES ('593', '2', 'SOSA', '2', '10');
INSERT INTO `parroquias` VALUES ('594', '1', 'CALABOZO', '3', '10');
INSERT INTO `parroquias` VALUES ('595', '2', 'EL CALVARIO', '3', '10');
INSERT INTO `parroquias` VALUES ('596', '3', 'EL RASTRO', '3', '10');
INSERT INTO `parroquias` VALUES ('597', '4', 'GUARDATINAJAS', '3', '10');
INSERT INTO `parroquias` VALUES ('598', '1', 'ALTAGRACIA DE ORITUCO', '4', '10');
INSERT INTO `parroquias` VALUES ('599', '2', 'LEZAMA', '4', '10');
INSERT INTO `parroquias` VALUES ('600', '3', 'LIBERTAD DE ORITUCO', '4', '10');
INSERT INTO `parroquias` VALUES ('601', '4', 'SAN FCO DE MACAIRA', '4', '10');
INSERT INTO `parroquias` VALUES ('602', '5', 'SAN RAFAEL DE ORITUCO', '4', '10');
INSERT INTO `parroquias` VALUES ('603', '6', 'SOUBLETTE', '4', '10');
INSERT INTO `parroquias` VALUES ('604', '7', 'PASO REAL DE MACAIRA', '4', '10');
INSERT INTO `parroquias` VALUES ('605', '1', 'TUCUPIDO', '5', '10');
INSERT INTO `parroquias` VALUES ('606', '2', 'SAN RAFAEL DE LAYA', '5', '10');
INSERT INTO `parroquias` VALUES ('607', '1', 'SAN JUAN DE LOS MORROS', '6', '10');
INSERT INTO `parroquias` VALUES ('608', '2', 'PARAPARA', '6', '10');
INSERT INTO `parroquias` VALUES ('609', '3', 'CANTAGALLO', '6', '10');
INSERT INTO `parroquias` VALUES ('610', '1', 'ZARAZA', '7', '10');
INSERT INTO `parroquias` VALUES ('611', '2', 'SAN JOSE DE UNARE', '7', '10');
INSERT INTO `parroquias` VALUES ('612', '1', 'CAMAGUAN', '8', '10');
INSERT INTO `parroquias` VALUES ('613', '2', 'PUERTO MIRANDA', '8', '10');
INSERT INTO `parroquias` VALUES ('614', '3', 'UVERITO', '8', '10');
INSERT INTO `parroquias` VALUES ('615', '1', 'SAN JOSE DE GUARIBE', '9', '10');
INSERT INTO `parroquias` VALUES ('616', '1', 'LAS MERCEDES', '10', '10');
INSERT INTO `parroquias` VALUES ('617', '2', 'STA RITA DE MANAPIRE', '10', '10');
INSERT INTO `parroquias` VALUES ('618', '3', 'CABRUTA', '10', '10');
INSERT INTO `parroquias` VALUES ('619', '1', 'EL SOCORRO', '11', '10');
INSERT INTO `parroquias` VALUES ('620', '1', 'ORTIZ', '12', '10');
INSERT INTO `parroquias` VALUES ('621', '2', 'SAN FCO. DE TIZNADOS', '12', '10');
INSERT INTO `parroquias` VALUES ('622', '3', 'SAN JOSE DE TIZNADOS', '12', '10');
INSERT INTO `parroquias` VALUES ('623', '4', 'S LORENZO DE TIZNADOS', '12', '10');
INSERT INTO `parroquias` VALUES ('624', '1', 'SANTA MARIA DE IPIRE', '13', '10');
INSERT INTO `parroquias` VALUES ('625', '2', 'ALTAMIRA', '13', '10');
INSERT INTO `parroquias` VALUES ('626', '1', 'CHAGUARAMAS', '14', '10');
INSERT INTO `parroquias` VALUES ('627', '1', 'GUAYABAL', '15', '10');
INSERT INTO `parroquias` VALUES ('628', '2', 'CAZORLA', '15', '10');
INSERT INTO `parroquias` VALUES ('629', '1', 'SAN JOSE', '1', '23');
INSERT INTO `parroquias` VALUES ('630', '2', 'VIRGEN DEL VALLE', '1', '23');
INSERT INTO `parroquias` VALUES ('631', '3', 'SAN RAFAEL', '1', '23');
INSERT INTO `parroquias` VALUES ('632', '4', 'JOSE VIDAL MARCANO', '1', '23');
INSERT INTO `parroquias` VALUES ('633', '5', 'LEONARDO RUIZ PINEDA', '1', '23');
INSERT INTO `parroquias` VALUES ('634', '6', 'MONS ARGIMIRO GARCIA', '1', '23');
INSERT INTO `parroquias` VALUES ('635', '7', 'MCL ANTONIO J DE SUCRE', '1', '23');
INSERT INTO `parroquias` VALUES ('636', '8', 'JUAN MILLAN', '1', '23');
INSERT INTO `parroquias` VALUES ('637', '1', 'PEDERNALES', '2', '23');
INSERT INTO `parroquias` VALUES ('638', '1', 'LUIS B PRIETO FIGUERO', '2', '23');
INSERT INTO `parroquias` VALUES ('639', '1', 'CURIAPO', '3', '23');
INSERT INTO `parroquias` VALUES ('640', '2', 'SANTOS DE ABELGAS', '3', '23');
INSERT INTO `parroquias` VALUES ('641', '3', 'MANUEL RENAUD', '3', '23');
INSERT INTO `parroquias` VALUES ('642', '4', 'PADRE BARRAL', '3', '23');
INSERT INTO `parroquias` VALUES ('643', '5', 'ANICETO LUGO', '3', '23');
INSERT INTO `parroquias` VALUES ('644', '6', 'ALMIRANTE LUIS BRION', '3', '23');
INSERT INTO `parroquias` VALUES ('645', '1', 'IMATACA', '4', '23');
INSERT INTO `parroquias` VALUES ('646', '2', 'ROMULO GALLEGOS', '4', '23');
INSERT INTO `parroquias` VALUES ('647', '3', 'JUAN BAUTISTA ARISMEN', '4', '23');
INSERT INTO `parroquias` VALUES ('648', '4', 'MANUEL PIAR', '4', '23');
INSERT INTO `parroquias` VALUES ('649', '5', '5 DE JULIO', '4', '23');
INSERT INTO `parroquias` VALUES ('650', '6', 'ANDRES LINARES', '5', '19');
INSERT INTO `parroquias` VALUES ('651', '2', 'CHIQUINQUIRA', '5', '19');
INSERT INTO `parroquias` VALUES ('652', '1', 'CRISTOBAL MENDOZA', '5', '19');
INSERT INTO `parroquias` VALUES ('653', '5', 'CRUZ CARRILLO', '5', '19');
INSERT INTO `parroquias` VALUES ('654', '3', 'MATRIZ', '5', '19');
INSERT INTO `parroquias` VALUES ('655', '4', 'MONSEÑOR CARRILLO', '5', '19');
INSERT INTO `parroquias` VALUES ('656', '7', 'TRES ESQUINAS', '5', '19');
INSERT INTO `parroquias` VALUES ('657', '2', 'ARAGUANEY', '15', '19');
INSERT INTO `parroquias` VALUES ('658', '3', 'EL JAGUITO', '15', '19');
INSERT INTO `parroquias` VALUES ('659', '4', 'LA ESPERANZA', '15', '19');
INSERT INTO `parroquias` VALUES ('660', '1', 'SANTA ISABEL', '15', '19');
INSERT INTO `parroquias` VALUES ('661', '4', 'AYACUCHO', '2', '19');
INSERT INTO `parroquias` VALUES ('662', '1', 'BOCONO', '2', '19');
INSERT INTO `parroquias` VALUES ('663', '5', 'BURBUSAY', '2', '19');
INSERT INTO `parroquias` VALUES ('664', '2', 'EL CARMEN', '2', '19');
INSERT INTO `parroquias` VALUES ('665', '6', 'GENERAL RIVAS', '2', '19');
INSERT INTO `parroquias` VALUES ('666', '11', 'GUARAMACAL', '2', '19');
INSERT INTO `parroquias` VALUES ('667', '12', 'LA VEGA DE GUARAMACAL', '2', '19');
INSERT INTO `parroquias` VALUES ('668', '7', 'MONSEÑOR JAUREGUI', '2', '19');
INSERT INTO `parroquias` VALUES ('669', '3', 'MOSQUEY', '2', '19');
INSERT INTO `parroquias` VALUES ('670', '8', 'RAFAEL RANGEL', '2', '19');
INSERT INTO `parroquias` VALUES ('671', '9', 'SAN JOSE', '2', '19');
INSERT INTO `parroquias` VALUES ('672', '10', 'SAN MIGUEL', '2', '19');
INSERT INTO `parroquias` VALUES ('673', '2', 'CHEREGUE', '16', '19');
INSERT INTO `parroquias` VALUES ('674', '3', 'GRANADOS', '16', '19');
INSERT INTO `parroquias` VALUES ('675', '1', 'SABANA GRANDE', '16', '19');
INSERT INTO `parroquias` VALUES ('676', '7', 'ARNOLDO GABALDON', '8', '19');
INSERT INTO `parroquias` VALUES ('677', '4', 'BOLIVIA', '8', '19');
INSERT INTO `parroquias` VALUES ('678', '2', 'CARRILLO', '8', '19');
INSERT INTO `parroquias` VALUES ('679', '3', 'CEGARRA', '8', '19');
INSERT INTO `parroquias` VALUES ('680', '1', 'CHEJENDE', '8', '19');
INSERT INTO `parroquias` VALUES ('681', '5', 'MANUEL SALVADOR ULLOA', '8', '19');
INSERT INTO `parroquias` VALUES ('682', '6', 'SAN JOSE', '8', '19');
INSERT INTO `parroquias` VALUES ('683', '1', 'CARACHE', '3', '19');
INSERT INTO `parroquias` VALUES ('684', '3', 'CUICAS', '3', '19');
INSERT INTO `parroquias` VALUES ('685', '2', 'LA CONCEPCION', '3', '19');
INSERT INTO `parroquias` VALUES ('686', '4', 'PANAMERICANA', '3', '19');
INSERT INTO `parroquias` VALUES ('687', '5', 'SANTA CRUZ', '3', '19');
INSERT INTO `parroquias` VALUES ('688', '1', 'ESCUQUE', '4', '19');
INSERT INTO `parroquias` VALUES ('689', '3', 'LA UNION', '4', '19');
INSERT INTO `parroquias` VALUES ('690', '2', 'SABANA LIBRE', '4', '19');
INSERT INTO `parroquias` VALUES ('691', '4', 'SANTA RITA', '4', '19');
INSERT INTO `parroquias` VALUES ('692', '3', 'ANTONIO JOSE DE SUCRE', '17', '19');
INSERT INTO `parroquias` VALUES ('693', '1', 'EL SOCORRO', '17', '19');
INSERT INTO `parroquias` VALUES ('694', '2', 'LOS CAPRICHOS', '17', '19');
INSERT INTO `parroquias` VALUES ('695', '2', 'ARNOLDO GABALDON', '18', '19');
INSERT INTO `parroquias` VALUES ('696', '1', 'CAMPO ELIAS', '18', '19');
INSERT INTO `parroquias` VALUES ('697', '3', 'EL PROGRESO', '19', '19');
INSERT INTO `parroquias` VALUES ('698', '2', 'LA CEIBA', '19', '19');
INSERT INTO `parroquias` VALUES ('699', '1', 'SANTA APOLONIA', '19', '19');
INSERT INTO `parroquias` VALUES ('700', '4', 'TRES DE FEBRERO', '19', '19');
INSERT INTO `parroquias` VALUES ('701', '2', 'AGUA CALIENTE', '9', '19');
INSERT INTO `parroquias` VALUES ('702', '4', 'AGUA SANTA', '9', '19');
INSERT INTO `parroquias` VALUES ('703', '3', 'EL CENIZO', '9', '19');
INSERT INTO `parroquias` VALUES ('704', '1', 'EL DIVIDIVE', '9', '19');
INSERT INTO `parroquias` VALUES ('705', '5', 'VALERITA', '9', '19');
INSERT INTO `parroquias` VALUES ('706', '2', 'BUENA VISTA', '10', '19');
INSERT INTO `parroquias` VALUES ('707', '1', 'MONTE CARMELO', '10', '19');
INSERT INTO `parroquias` VALUES ('708', '3', 'STA MARIA DEL HORCON', '10', '19');
INSERT INTO `parroquias` VALUES ('709', '2', 'EL BAÑO', '11', '19');
INSERT INTO `parroquias` VALUES ('710', '3', 'JALISCO', '11', '19');
INSERT INTO `parroquias` VALUES ('711', '1', 'MOTATAN', '11', '19');
INSERT INTO `parroquias` VALUES ('712', '4', 'FLOR DE PATRIA', '12', '19');
INSERT INTO `parroquias` VALUES ('713', '3', 'LA PAZ', '12', '19');
INSERT INTO `parroquias` VALUES ('714', '1', 'PAMPAN', '12', '19');
INSERT INTO `parroquias` VALUES ('715', '2', 'SANTA ANA', '12', '19');
INSERT INTO `parroquias` VALUES ('716', '3', 'LA CONCEPCION', '20', '19');
INSERT INTO `parroquias` VALUES ('717', '1', 'PAMPANITO', '20', '19');
INSERT INTO `parroquias` VALUES ('718', '2', 'PAMPANITO II', '20', '19');
INSERT INTO `parroquias` VALUES ('719', '1', 'BETIJOQUE', '1', '19');
INSERT INTO `parroquias` VALUES ('720', '4', 'EL CEDRO', '1', '19');
INSERT INTO `parroquias` VALUES ('721', '2', 'JOSE G HERNANDEZ', '1', '19');
INSERT INTO `parroquias` VALUES ('722', '3', 'LA PUEBLITA', '1', '19');
INSERT INTO `parroquias` VALUES ('723', '2', 'ANTONIO N BRICEÑO', '13', '19');
INSERT INTO `parroquias` VALUES ('724', '3', 'CAMPO ALEGRE', '13', '19');
INSERT INTO `parroquias` VALUES ('725', '1', 'CARVAJAL', '13', '19');
INSERT INTO `parroquias` VALUES ('726', '4', 'JOSE LEONARDO SUAREZ', '13', '19');
INSERT INTO `parroquias` VALUES ('727', '4', 'EL PARAISO', '14', '19');
INSERT INTO `parroquias` VALUES ('728', '2', 'JUNIN', '14', '19');
INSERT INTO `parroquias` VALUES ('729', '1', 'SABANA DE MENDOZA', '14', '19');
INSERT INTO `parroquias` VALUES ('730', '3', 'VALMORE RODRIGUEZ', '14', '19');
INSERT INTO `parroquias` VALUES ('731', '5', 'CABIMBU', '6', '19');
INSERT INTO `parroquias` VALUES ('732', '2', 'JAJO', '6', '19');
INSERT INTO `parroquias` VALUES ('733', '3', 'LA MESA', '6', '19');
INSERT INTO `parroquias` VALUES ('734', '1', 'LA QUEBRADA', '6', '19');
INSERT INTO `parroquias` VALUES ('735', '4', 'SANTIAGO', '6', '19');
INSERT INTO `parroquias` VALUES ('736', '6', 'TUÑAME', '6', '19');
INSERT INTO `parroquias` VALUES ('737', '2', 'JUAN IGNACIO MONTILLA', '7', '19');
INSERT INTO `parroquias` VALUES ('738', '3', 'LA BEATRIZ', '7', '19');
INSERT INTO `parroquias` VALUES ('739', '5', 'LA PUERTA', '7', '19');
INSERT INTO `parroquias` VALUES ('740', '4', 'MENDOZA', '7', '19');
INSERT INTO `parroquias` VALUES ('741', '1', 'MERCEDES DIAZ', '7', '19');
INSERT INTO `parroquias` VALUES ('742', '6', 'SAN LUIS', '7', '19');
INSERT INTO `parroquias` VALUES ('743', '1', 'AROA', '1', '20');
INSERT INTO `parroquias` VALUES ('744', '1', 'CHIVACOA', '2', '20');
INSERT INTO `parroquias` VALUES ('745', '2', 'CAMPO ELIAS', '2', '20');
INSERT INTO `parroquias` VALUES ('746', '1', 'NIRGUA', '3', '20');
INSERT INTO `parroquias` VALUES ('747', '2', 'SALOM', '3', '20');
INSERT INTO `parroquias` VALUES ('748', '3', 'TEMERLA', '3', '20');
INSERT INTO `parroquias` VALUES ('749', '1', 'SAN FELIPE', '4', '20');
INSERT INTO `parroquias` VALUES ('750', '2', 'ALBARICO', '4', '20');
INSERT INTO `parroquias` VALUES ('751', '3', 'SAN JAVIER', '4', '20');
INSERT INTO `parroquias` VALUES ('752', '1', 'GUAMA', '5', '20');
INSERT INTO `parroquias` VALUES ('753', '1', 'URACHICHE', '6', '20');
INSERT INTO `parroquias` VALUES ('754', '1', 'YARITAGUA', '7', '20');
INSERT INTO `parroquias` VALUES ('755', '2', 'SAN ANDRES', '7', '20');
INSERT INTO `parroquias` VALUES ('756', '1', 'SABANA DE PARRA', '8', '20');
INSERT INTO `parroquias` VALUES ('757', '1', 'BORAURE', '9', '20');
INSERT INTO `parroquias` VALUES ('758', '1', 'COCOROTE', '10', '20');
INSERT INTO `parroquias` VALUES ('759', '1', 'INDEPENDENCIA', '11', '20');
INSERT INTO `parroquias` VALUES ('760', '1', 'SAN PABLO', '12', '20');
INSERT INTO `parroquias` VALUES ('761', '1', 'YUMARE', '13', '20');
INSERT INTO `parroquias` VALUES ('762', '1', 'FARRIAR', '14', '20');
INSERT INTO `parroquias` VALUES ('763', '2', 'EL GUAYABO', '14', '20');
INSERT INTO `parroquias` VALUES ('764', '1', 'GENERAL URDANETA', '1', '21');
INSERT INTO `parroquias` VALUES ('765', '2', 'LIBERTADOR', '1', '21');
INSERT INTO `parroquias` VALUES ('766', '3', 'MANUEL GUANIPA MATOS', '1', '21');
INSERT INTO `parroquias` VALUES ('767', '4', 'MARCELINO BRICEÑO', '1', '21');
INSERT INTO `parroquias` VALUES ('768', '5', 'SAN TIMOTEO', '1', '21');
INSERT INTO `parroquias` VALUES ('769', '6', 'PUEBLO NUEVO', '1', '21');
INSERT INTO `parroquias` VALUES ('770', '1', 'PEDRO LUCAS URRIBARRI', '2', '21');
INSERT INTO `parroquias` VALUES ('771', '2', 'SANTA RITA', '2', '21');
INSERT INTO `parroquias` VALUES ('772', '3', 'JOSE CENOVIO URRIBARRI', '2', '21');
INSERT INTO `parroquias` VALUES ('773', '4', 'EL MENE', '2', '21');
INSERT INTO `parroquias` VALUES ('774', '1', 'SANTA CRUZ DEL ZULIA', '3', '21');
INSERT INTO `parroquias` VALUES ('775', '2', 'URRIBARRI', '3', '21');
INSERT INTO `parroquias` VALUES ('776', '3', 'MORALITO', '3', '21');
INSERT INTO `parroquias` VALUES ('777', '4', 'SAN CARLOS DEL ZULIA', '3', '21');
INSERT INTO `parroquias` VALUES ('778', '5', 'SANTA BARBARA', '3', '21');
INSERT INTO `parroquias` VALUES ('779', '1', 'LUIS DE VICENTE', '4', '21');
INSERT INTO `parroquias` VALUES ('780', '2', 'RICAURTE', '4', '21');
INSERT INTO `parroquias` VALUES ('781', '3', 'MONSEÑOR MARCOS SERGIO GODOY', '4', '21');
INSERT INTO `parroquias` VALUES ('782', '4', 'SAN RAFAEL', '4', '21');
INSERT INTO `parroquias` VALUES ('783', '5', 'LAS PARCELAS', '4', '21');
INSERT INTO `parroquias` VALUES ('784', '6', 'TAMARE', '4', '21');
INSERT INTO `parroquias` VALUES ('785', '7', 'LA SIERRITA', '4', '21');
INSERT INTO `parroquias` VALUES ('786', '1', 'BOLIVAR', '5', '21');
INSERT INTO `parroquias` VALUES ('787', '2', 'COQUIVACOA', '5', '21');
INSERT INTO `parroquias` VALUES ('788', '3', 'CRISTO DE ARANZA', '5', '21');
INSERT INTO `parroquias` VALUES ('789', '4', 'CHIQUINQUIRA', '5', '21');
INSERT INTO `parroquias` VALUES ('790', '5', 'SANTA LUCIA', '5', '21');
INSERT INTO `parroquias` VALUES ('791', '6', 'OLEGARIO VILLALOBOS', '5', '21');
INSERT INTO `parroquias` VALUES ('792', '7', 'JUANA DE AVILA', '5', '21');
INSERT INTO `parroquias` VALUES ('793', '8', 'CARACCIOLO PARRA PEREZ', '5', '21');
INSERT INTO `parroquias` VALUES ('794', '9', 'IDELFONZO VASQUEZ', '5', '21');
INSERT INTO `parroquias` VALUES ('795', '10', 'CACIQUE MARA', '5', '21');
INSERT INTO `parroquias` VALUES ('796', '11', 'CECILIO ACOSTA', '5', '21');
INSERT INTO `parroquias` VALUES ('797', '12', 'RAUL LEONI', '5', '21');
INSERT INTO `parroquias` VALUES ('798', '13', 'FRANCISCO EUGENIO', '5', '21');
INSERT INTO `parroquias` VALUES ('799', '14', 'MANUEL DAGNINO', '5', '21');
INSERT INTO `parroquias` VALUES ('800', '15', 'LUIS HURTADO HIGERA', '5', '21');
INSERT INTO `parroquias` VALUES ('801', '16', 'VENANCIO PULGAR', '5', '21');
INSERT INTO `parroquias` VALUES ('802', '17', 'ANTONIO BORJAS ROMERO', '5', '21');
INSERT INTO `parroquias` VALUES ('803', '18', 'SAN ISIDRO', '5', '21');
INSERT INTO `parroquias` VALUES ('804', '1', 'FARIA', '6', '21');
INSERT INTO `parroquias` VALUES ('805', '2', 'SAN ANTONIO', '6', '21');
INSERT INTO `parroquias` VALUES ('806', '3', 'ANA MARIA CAMPOS', '6', '21');
INSERT INTO `parroquias` VALUES ('807', '4', 'SAN JOSE', '6', '21');
INSERT INTO `parroquias` VALUES ('808', '5', 'ALTA GRACIA', '6', '21');
INSERT INTO `parroquias` VALUES ('809', '1', 'GUAJIRA', '7', '21');
INSERT INTO `parroquias` VALUES ('810', '2', 'ELIAS SANCHEZ RUBIO', '7', '21');
INSERT INTO `parroquias` VALUES ('811', '3', 'SINAMAICA', '7', '21');
INSERT INTO `parroquias` VALUES ('812', '4', 'ALTA GUAJIRA', '7', '21');
INSERT INTO `parroquias` VALUES ('813', '1', 'SAN JOSE DE PERIJA', '8', '21');
INSERT INTO `parroquias` VALUES ('814', '2', 'BARTOLOME DE LAS CASAS', '8', '21');
INSERT INTO `parroquias` VALUES ('815', '3', 'LIBERTAD', '8', '21');
INSERT INTO `parroquias` VALUES ('816', '4', 'RIO NEGRO', '8', '21');
INSERT INTO `parroquias` VALUES ('817', '1', 'GIBRALTAR', '9', '21');
INSERT INTO `parroquias` VALUES ('818', '2', 'HERAS', '9', '21');
INSERT INTO `parroquias` VALUES ('819', '3', 'MONSEÑOR ARTURO CELESTINO ALVAREZ', '9', '21');
INSERT INTO `parroquias` VALUES ('820', '4', 'ROMULO GALLEGOS', '9', '21');
INSERT INTO `parroquias` VALUES ('821', '5', 'BOBURES', '9', '21');
INSERT INTO `parroquias` VALUES ('822', '6', 'EL BATEY', '9', '21');
INSERT INTO `parroquias` VALUES ('823', '1', 'ANDRES BELLO', '10', '21');
INSERT INTO `parroquias` VALUES ('824', '2', 'POTRERITOS', '10', '21');
INSERT INTO `parroquias` VALUES ('825', '3', 'EL CARMELO', '10', '21');
INSERT INTO `parroquias` VALUES ('826', '4', 'CHIQUINQUIRA', '10', '21');
INSERT INTO `parroquias` VALUES ('827', '5', 'CONCEPCION', '10', '21');
INSERT INTO `parroquias` VALUES ('828', '1', 'ELEAZAR LOPEZ CONTRERAS', '11', '21');
INSERT INTO `parroquias` VALUES ('829', '2', 'ALONSO DE OJEDA', '11', '21');
INSERT INTO `parroquias` VALUES ('830', '3', 'VENEZUELA', '11', '21');
INSERT INTO `parroquias` VALUES ('831', '4', 'CAMPO LARA', '11', '21');
INSERT INTO `parroquias` VALUES ('832', '5', 'LIBERTAD', '11', '21');
INSERT INTO `parroquias` VALUES ('833', '1', 'UDON PEREZ', '12', '21');
INSERT INTO `parroquias` VALUES ('834', '2', 'ENCONTRADOS', '12', '21');
INSERT INTO `parroquias` VALUES ('835', '1', 'DONALDO GARCIA', '13', '21');
INSERT INTO `parroquias` VALUES ('836', '2', 'SIXTO ZAMBRANO', '13', '21');
INSERT INTO `parroquias` VALUES ('837', '3', 'EL ROSARIO', '13', '21');
INSERT INTO `parroquias` VALUES ('838', '1', 'AMBROSIO', '14', '21');
INSERT INTO `parroquias` VALUES ('839', '2', 'GERMAN RIOS LINARES', '14', '21');
INSERT INTO `parroquias` VALUES ('840', '3', 'JORGE HERNANDEZ', '14', '21');
INSERT INTO `parroquias` VALUES ('841', '4', 'LA ROSA', '14', '21');
INSERT INTO `parroquias` VALUES ('842', '5', 'PUNTA GORDA', '14', '21');
INSERT INTO `parroquias` VALUES ('843', '6', 'CARMEN HERRERA', '14', '21');
INSERT INTO `parroquias` VALUES ('844', '7', 'SAN BENITO', '14', '21');
INSERT INTO `parroquias` VALUES ('845', '8', 'ROMULO BETANCOURT', '14', '21');
INSERT INTO `parroquias` VALUES ('846', '9', 'ARISTIDES CALVANI', '14', '21');
INSERT INTO `parroquias` VALUES ('847', '1', 'RAUL CUENCA', '15', '21');
INSERT INTO `parroquias` VALUES ('848', '2', 'LA VICTORIA', '15', '21');
INSERT INTO `parroquias` VALUES ('849', '3', 'RAFAEL URDANETA', '15', '21');
INSERT INTO `parroquias` VALUES ('850', '1', 'JOSE RAMON YEPEZ', '16', '21');
INSERT INTO `parroquias` VALUES ('851', '2', 'LA CONCEPCION', '16', '21');
INSERT INTO `parroquias` VALUES ('852', '3', 'SAN JOSE', '16', '21');
INSERT INTO `parroquias` VALUES ('853', '4', 'MARIANO PARRA LEON', '16', '21');
INSERT INTO `parroquias` VALUES ('854', '1', 'MONAGAS', '17', '21');
INSERT INTO `parroquias` VALUES ('855', '2', 'ISLA DE TOAS', '17', '21');
INSERT INTO `parroquias` VALUES ('856', '1', 'MARCIAL HERNANDEZ', '18', '21');
INSERT INTO `parroquias` VALUES ('857', '2', 'FRANCISCO OCHOA', '18', '21');
INSERT INTO `parroquias` VALUES ('858', '3', 'SAN FRANCISCO', '18', '21');
INSERT INTO `parroquias` VALUES ('859', '4', 'EL BAJO', '18', '21');
INSERT INTO `parroquias` VALUES ('860', '5', 'DOMITILA FLORES', '18', '21');
INSERT INTO `parroquias` VALUES ('861', '6', 'LOS CORTIJOS', '18', '21');
INSERT INTO `parroquias` VALUES ('862', '1', 'BARI', '19', '21');
INSERT INTO `parroquias` VALUES ('863', '2', 'JESUS MARIA SEMPRUN', '19', '21');
INSERT INTO `parroquias` VALUES ('864', '1', 'SIMON RODRIGUEZ', '20', '21');
INSERT INTO `parroquias` VALUES ('865', '2', 'CARLOS QUEVEDO', '20', '21');
INSERT INTO `parroquias` VALUES ('866', '3', 'FRANCISCO JAVIER PULGAR', '20', '21');
INSERT INTO `parroquias` VALUES ('867', '1', 'RAFAEL MARIA BARALT', '21', '21');
INSERT INTO `parroquias` VALUES ('868', '2', 'MANUEL MANRIQUE', '21', '21');
INSERT INTO `parroquias` VALUES ('869', '3', 'RAFAEL URDANETA', '21', '21');
INSERT INTO `parroquias` VALUES ('870', '2', 'ARAGUITA     ', '1', '13');
INSERT INTO `parroquias` VALUES ('871', '3', 'AREVALO GONZALEZ     ', '1', '13');
INSERT INTO `parroquias` VALUES ('872', '4', 'CAPAYA     ', '1', '13');
INSERT INTO `parroquias` VALUES ('873', '1', 'CAUCAGUA     ', '1', '13');
INSERT INTO `parroquias` VALUES ('874', '7', 'EL CAFE     ', '1', '13');
INSERT INTO `parroquias` VALUES ('875', '8', 'MARIZAPA     ', '1', '13');
INSERT INTO `parroquias` VALUES ('876', '5', 'PANAQUIRE     ', '1', '13');
INSERT INTO `parroquias` VALUES ('877', '6', 'RIBAS', '1', '13');
INSERT INTO `parroquias` VALUES ('878', '2', 'CURIEPE     ', '2', '13');
INSERT INTO `parroquias` VALUES ('879', '1', 'HIGUEROTE     ', '2', '13');
INSERT INTO `parroquias` VALUES ('880', '3', 'TACARIGUA', '2', '13');
INSERT INTO `parroquias` VALUES ('881', '7', 'ALTAGRACIA DE LA M     ', '3', '13');
INSERT INTO `parroquias` VALUES ('882', '2', 'CECILIO ACOSTA     ', '3', '13');
INSERT INTO `parroquias` VALUES ('883', '6', 'EL JARILLO     ', '3', '13');
INSERT INTO `parroquias` VALUES ('884', '1', 'LOS TEQUES     ', '3', '13');
INSERT INTO `parroquias` VALUES ('885', '3', 'PARACOTOS     ', '3', '13');
INSERT INTO `parroquias` VALUES ('886', '4', 'SAN PEDRO     ', '3', '13');
INSERT INTO `parroquias` VALUES ('887', '5', 'TACATA', '3', '13');
INSERT INTO `parroquias` VALUES ('888', '2', 'EL CARTANAL ', '4', '13');
INSERT INTO `parroquias` VALUES ('889', '1', 'STA TERESA DEL TUY', '4', '13');
INSERT INTO `parroquias` VALUES ('890', '2', 'LA DEMOCRACIA     ', '5', '13');
INSERT INTO `parroquias` VALUES ('891', '1', 'OCUMARE DEL TUY     ', '5', '13');
INSERT INTO `parroquias` VALUES ('892', '3', 'SANTA BARBARA', '5', '13');
INSERT INTO `parroquias` VALUES ('893', '2', 'EL GUAPO     ', '6', '13');
INSERT INTO `parroquias` VALUES ('894', '4', 'PAPARO     ', '6', '13');
INSERT INTO `parroquias` VALUES ('895', '1', 'RIO CHICO     ', '6', '13');
INSERT INTO `parroquias` VALUES ('896', '5', 'SAN FERNANDO DEL GUAPO     ', '6', '13');
INSERT INTO `parroquias` VALUES ('897', '3', 'TACARIGUA DE LA LAGUNA', '6', '13');
INSERT INTO `parroquias` VALUES ('898', '1', 'SANTA LUCIA', '7', '13');
INSERT INTO `parroquias` VALUES ('899', '1', 'GUARENAS', '8', '13');
INSERT INTO `parroquias` VALUES ('900', '3', 'CAUCAGUITA     ', '9', '13');
INSERT INTO `parroquias` VALUES ('901', '4', 'FILAS DE MARICHES     ', '9', '13');
INSERT INTO `parroquias` VALUES ('902', '5', 'LA DOLORITA     ', '9', '13');
INSERT INTO `parroquias` VALUES ('903', '2', 'LEONCIO MARTINEZ     ', '9', '13');
INSERT INTO `parroquias` VALUES ('904', '1', 'CUA     ', '10', '13');
INSERT INTO `parroquias` VALUES ('905', '2', 'NUEVA CUA', '10', '13');
INSERT INTO `parroquias` VALUES ('906', '2', 'BOLIVAR     ', '11', '13');
INSERT INTO `parroquias` VALUES ('907', '1', 'GUATIRE', '11', '13');
INSERT INTO `parroquias` VALUES ('908', '1', 'CHARALLAVE     ', '12', '13');
INSERT INTO `parroquias` VALUES ('909', '2', 'LAS BRISAS', '12', '13');
INSERT INTO `parroquias` VALUES ('910', '1', 'SAN ANTONIO DE LOS ALTOS', '13', '13');
INSERT INTO `parroquias` VALUES ('911', '2', 'CUMBO     ', '14', '13');
INSERT INTO `parroquias` VALUES ('912', '1', 'SAN JOSE DE BARLOVENTO', '14', '13');
INSERT INTO `parroquias` VALUES ('913', '1', 'SAN FCO DE YARE     ', '15', '13');
INSERT INTO `parroquias` VALUES ('914', '2', 'SAN ANTONIO DE YARE', '15', '13');
INSERT INTO `parroquias` VALUES ('915', '1', 'BARUTA     ', '16', '13');
INSERT INTO `parroquias` VALUES ('916', '2', 'EL CAFETAL     ', '16', '13');
INSERT INTO `parroquias` VALUES ('917', '3', 'LAS MINAS DE BARUTA', '16', '13');
INSERT INTO `parroquias` VALUES ('918', '1', 'CARRIZAL', '17', '13');
INSERT INTO `parroquias` VALUES ('919', '1', 'CHACAO', '18', '13');
INSERT INTO `parroquias` VALUES ('920', '1', 'EL HATILLO', '19', '13');
INSERT INTO `parroquias` VALUES ('921', '1', 'MAMPORAL', '20', '13');
INSERT INTO `parroquias` VALUES ('922', '1', 'CUPIRA     ', '21', '13');
INSERT INTO `parroquias` VALUES ('923', '2', 'MACHURUCUTO', '21', '13');
INSERT INTO `parroquias` VALUES ('924', '1', 'GUARENAS', '21', '13');
INSERT INTO `parroquias` VALUES ('925', '6', 'ALTO DE LOS GODOS     ', '7', '14');
INSERT INTO `parroquias` VALUES ('926', '7', 'BOQUERON     ', '7', '14');
INSERT INTO `parroquias` VALUES ('927', '3', 'EL COROZO     ', '7', '14');
INSERT INTO `parroquias` VALUES ('928', '1', 'EL FURRIAL     ', '7', '14');
INSERT INTO `parroquias` VALUES ('929', '2', 'JUSEPIN     ', '7', '14');
INSERT INTO `parroquias` VALUES ('930', '5', 'LA PICA     ', '7', '14');
INSERT INTO `parroquias` VALUES ('931', '8', 'LAS COCUIZAS     ', '7', '14');
INSERT INTO `parroquias` VALUES ('932', '10', 'SAN SIMON     ', '7', '14');
INSERT INTO `parroquias` VALUES ('933', '9', 'SANTA CRUZ     ', '7', '14');
INSERT INTO `parroquias` VALUES ('934', '4', 'SAN VICENTE', '7', '14');
INSERT INTO `parroquias` VALUES ('935', '1', 'SAN ANTONIO     ', '1', '14');
INSERT INTO `parroquias` VALUES ('936', '2', 'SAN FRANCISCO', '1', '14');
INSERT INTO `parroquias` VALUES ('937', '1', 'AGUASAY', '11', '14');
INSERT INTO `parroquias` VALUES ('938', '2', 'CARIPITO', '11', '14');
INSERT INTO `parroquias` VALUES ('939', '1', 'CARIPE     ', '3', '14');
INSERT INTO `parroquias` VALUES ('940', '3', 'EL GUACHARO     ', '3', '14');
INSERT INTO `parroquias` VALUES ('941', '5', 'LA GUANOTA     ', '3', '14');
INSERT INTO `parroquias` VALUES ('942', '6', 'SABANA DE PIEDRA     ', '3', '14');
INSERT INTO `parroquias` VALUES ('943', '4', 'SAN AGUSTIN     ', '3', '14');
INSERT INTO `parroquias` VALUES ('944', '2', 'TERESEN', '3', '14');
INSERT INTO `parroquias` VALUES ('945', '1', 'CAICARA     ', '4', '14');
INSERT INTO `parroquias` VALUES ('946', '2', 'AREO     ', '4', '14');
INSERT INTO `parroquias` VALUES ('947', '3', 'SAN FELIX     ', '4', '14');
INSERT INTO `parroquias` VALUES ('948', '4', 'VIENTO FRESCO', '4', '14');
INSERT INTO `parroquias` VALUES ('949', '1', 'PUNTA DE MATA     ', '5', '14');
INSERT INTO `parroquias` VALUES ('950', '2', 'EL TEJERO', '5', '14');
INSERT INTO `parroquias` VALUES ('951', '1', 'TEMBLADOR     ', '6', '14');
INSERT INTO `parroquias` VALUES ('952', '4', 'CHAGUARAMAS     ', '6', '14');
INSERT INTO `parroquias` VALUES ('953', '3', 'LAS ALHUACAS ', '6', '14');
INSERT INTO `parroquias` VALUES ('954', '2', 'TABASCA', '6', '14');
INSERT INTO `parroquias` VALUES ('955', '1', 'ARAGUA     ', '8', '14');
INSERT INTO `parroquias` VALUES ('956', '4', 'APARICIO     ', '8', '14');
INSERT INTO `parroquias` VALUES ('957', '2', 'CHAGUARAMAL     ', '8', '14');
INSERT INTO `parroquias` VALUES ('958', '6', 'EL PINTO     ', '8', '14');
INSERT INTO `parroquias` VALUES ('959', '3', 'GUANAGUANA     ', '8', '14');
INSERT INTO `parroquias` VALUES ('960', '7', 'LA TOSCANA     ', '8', '14');
INSERT INTO `parroquias` VALUES ('961', '5', 'TAGUAYA', '8', '14');
INSERT INTO `parroquias` VALUES ('962', '1', 'QUIRIQUIRE     ', '9', '14');
INSERT INTO `parroquias` VALUES ('963', '2', 'CACHIPO', '9', '14');
INSERT INTO `parroquias` VALUES ('964', '1', 'SANTA BARBARA', '12', '14');
INSERT INTO `parroquias` VALUES ('965', '1', 'BARRANCAS     ', '10', '14');
INSERT INTO `parroquias` VALUES ('966', '2', 'LOS BARRANCOS DE FAJARDO', '10', '14');
INSERT INTO `parroquias` VALUES ('967', '1', 'URACOA', '13', '14');
INSERT INTO `parroquias` VALUES ('968', '1', 'LA ASUNCION', '1', '15');
INSERT INTO `parroquias` VALUES ('969', '1', 'LA PLAZA DE PARAGUACHI', '10', '15');
INSERT INTO `parroquias` VALUES ('970', '1', 'SAN JUAN BAUTISTA     ', '2', '15');
INSERT INTO `parroquias` VALUES ('971', '2', 'ZABALA', '2', '15');
INSERT INTO `parroquias` VALUES ('972', '1', 'VALLE ESP SANTO     ', '11', '15');
INSERT INTO `parroquias` VALUES ('973', '2', 'FRANCISCO FAJARDO', '11', '15');
INSERT INTO `parroquias` VALUES ('974', '1', 'SANTA ANA     ', '3', '15');
INSERT INTO `parroquias` VALUES ('975', '4', 'BOLIVAR     ', '3', '15');
INSERT INTO `parroquias` VALUES ('976', '2', 'GUEVARA     ', '3', '15');
INSERT INTO `parroquias` VALUES ('977', '3', 'MATASIETE     ', '3', '15');
INSERT INTO `parroquias` VALUES ('978', '5', 'SUCRE', '3', '15');
INSERT INTO `parroquias` VALUES ('979', '1', 'PAMPATAR     ', '4', '15');
INSERT INTO `parroquias` VALUES ('980', '2', 'AGUIRRE', '4', '15');
INSERT INTO `parroquias` VALUES ('981', '1', 'JUAN GRIEGO', '5', '15');
INSERT INTO `parroquias` VALUES ('982', '2', 'ADRIAN', '5', '15');
INSERT INTO `parroquias` VALUES ('983', '1', 'PORLAMAR', '6', '15');
INSERT INTO `parroquias` VALUES ('984', '1', 'BOCA DEL RIO', '7', '15');
INSERT INTO `parroquias` VALUES ('985', '2', 'SAN FRANCISCO', '7', '15');
INSERT INTO `parroquias` VALUES ('986', '1', 'PUNTA DE PIEDRAS     ', '9', '15');
INSERT INTO `parroquias` VALUES ('987', '2', 'LOS BARALES', '9', '15');
INSERT INTO `parroquias` VALUES ('988', '1', 'SAN PEDRO DE COCHE     ', '8', '15');
INSERT INTO `parroquias` VALUES ('989', '2', 'VICENTE FUENTES', '8', '15');
INSERT INTO `parroquias` VALUES ('990', '1', 'GUANARE     ', '3', '16');
INSERT INTO `parroquias` VALUES ('991', '2', 'CORDOBA     ', '3', '16');
INSERT INTO `parroquias` VALUES ('992', '5', 'SAN JOSE DE LA MONTAÑA     ', '3', '16');
INSERT INTO `parroquias` VALUES ('993', '3', 'SAN JUAN GUANAGUANARE     ', '3', '16');
INSERT INTO `parroquias` VALUES ('994', '4', 'VIRGEN DE LA COROMOTO', '3', '16');
INSERT INTO `parroquias` VALUES ('995', '1', 'AGUA BLANCA', '10', '16');
INSERT INTO `parroquias` VALUES ('996', '1', 'ARAURE     ', '1', '16');
INSERT INTO `parroquias` VALUES ('997', '2', 'RIO ACARIGUA', '1', '16');
INSERT INTO `parroquias` VALUES ('998', '1', 'PIRITU     ', '2', '16');
INSERT INTO `parroquias` VALUES ('999', '2', 'UVERAL', '2', '16');
INSERT INTO `parroquias` VALUES ('1000', '1', 'BOCONOITO     ', '12', '16');
INSERT INTO `parroquias` VALUES ('1001', '2', 'ANTOLIN TOVAR AQUINO', '12', '16');
INSERT INTO `parroquias` VALUES ('1002', '1', 'GUANARITO     ', '4', '16');
INSERT INTO `parroquias` VALUES ('1003', '3', 'DIVINA PASTORA     ', '4', '16');
INSERT INTO `parroquias` VALUES ('1004', '2', 'TRINIDAD DE LA CAPILLA', '4', '16');
INSERT INTO `parroquias` VALUES ('1005', '1', 'CHABASQUEN     ', '9', '16');
INSERT INTO `parroquias` VALUES ('1006', '2', 'PEÑA BLANCA', '9', '16');
INSERT INTO `parroquias` VALUES ('1007', '1', 'OSPINO     ', '5', '16');
INSERT INTO `parroquias` VALUES ('1008', '2', 'APARICION     ', '5', '16');
INSERT INTO `parroquias` VALUES ('1009', '3', 'LA ESTACION', '5', '16');
INSERT INTO `parroquias` VALUES ('1010', '1', 'ACARIGUA     ', '6', '16');
INSERT INTO `parroquias` VALUES ('1011', '2', 'PAYARA     ', '6', '16');
INSERT INTO `parroquias` VALUES ('1012', '3', 'PIMPINELA     ', '6', '16');
INSERT INTO `parroquias` VALUES ('1013', '4', 'RAMON PERAZA', '6', '16');
INSERT INTO `parroquias` VALUES ('1014', '1', 'PAPELON     ', '11', '16');
INSERT INTO `parroquias` VALUES ('1015', '2', 'CAÑO DELGADITO', '11', '16');
INSERT INTO `parroquias` VALUES ('1016', '1', 'EL PLAYON     ', '14', '16');
INSERT INTO `parroquias` VALUES ('1017', '2', 'FLORIDA', '14', '16');
INSERT INTO `parroquias` VALUES ('1018', '1', 'SAN RAFAEL DE ONOTO     ', '13', '16');
INSERT INTO `parroquias` VALUES ('1019', '2', 'SANTA FE     ', '13', '16');
INSERT INTO `parroquias` VALUES ('1020', '3', 'THERMO MORLES', '13', '16');
INSERT INTO `parroquias` VALUES ('1021', '1', 'BISCUCUY     ', '7', '16');
INSERT INTO `parroquias` VALUES ('1022', '2', 'CONCEPCION     ', '7', '16');
INSERT INTO `parroquias` VALUES ('1023', '5', 'SAN JOSE DE SAGUAZ     ', '7', '16');
INSERT INTO `parroquias` VALUES ('1024', '3', 'SAN RAFAEL PALO ALZADO     ', '7', '16');
INSERT INTO `parroquias` VALUES ('1025', '4', 'UVENCIO A VELASQUEZ     ', '7', '16');
INSERT INTO `parroquias` VALUES ('1026', '6', 'VILLA ROSA', '7', '16');
INSERT INTO `parroquias` VALUES ('1027', '1', 'VILLA BRUZUAL     ', '8', '16');
INSERT INTO `parroquias` VALUES ('1028', '2', 'CANELONES     ', '8', '16');
INSERT INTO `parroquias` VALUES ('1029', '4', 'SAN ISIDRO LABRADOR     ', '8', '16');
INSERT INTO `parroquias` VALUES ('1030', '3', 'SANTA CRUZ', '8', '16');
INSERT INTO `parroquias` VALUES ('1031', '1', 'ALTAGRACIA     ', '9', '17');
INSERT INTO `parroquias` VALUES ('1032', '2', 'AYACUCHO     ', '9', '17');
INSERT INTO `parroquias` VALUES ('1033', '6', 'GRAN MARISCAL     ', '9', '17');
INSERT INTO `parroquias` VALUES ('1034', '7', 'RAUL LEONI     ', '9', '17');
INSERT INTO `parroquias` VALUES ('1035', '5', 'SAN JUAN     ', '9', '17');
INSERT INTO `parroquias` VALUES ('1036', '3', 'SANTA INES     ', '9', '17');
INSERT INTO `parroquias` VALUES ('1037', '4', 'VALENTIN VALIENTE', '9', '17');
INSERT INTO `parroquias` VALUES ('1038', '1', 'MARIÑO     ', '11', '17');
INSERT INTO `parroquias` VALUES ('1039', '2', 'ROMULO GALLEGOS', '11', '17');
INSERT INTO `parroquias` VALUES ('1040', '1', 'SAN JOSE DE AREOCUAR     ', '13', '17');
INSERT INTO `parroquias` VALUES ('1041', '2', 'TAVERA ACOSTA', '13', '17');
INSERT INTO `parroquias` VALUES ('1042', '5', 'ANTONIO JOSE DE SUCRE     ', '1', '17');
INSERT INTO `parroquias` VALUES ('1043', '4', 'EL MORRO DE PTO SANTO     ', '1', '17');
INSERT INTO `parroquias` VALUES ('1044', '3', 'PUERTO SANTO ', '1', '17');
INSERT INTO `parroquias` VALUES ('1045', '1', 'RIO CARIBE     ', '1', '17');
INSERT INTO `parroquias` VALUES ('1046', '2', 'SAN JUAN GALDONAS', '1', '17');
INSERT INTO `parroquias` VALUES ('1047', '1', 'EL PILAR     ', '2', '17');
INSERT INTO `parroquias` VALUES ('1048', '2', 'EL RINCON     ', '2', '17');
INSERT INTO `parroquias` VALUES ('1049', '6', 'GENERAL FRANCISCO A VASQUEZ     ', '2', '17');
INSERT INTO `parroquias` VALUES ('1050', '3', 'GUARAUNOS     ', '2', '17');
INSERT INTO `parroquias` VALUES ('1051', '4', 'TUNAPUICITO     ', '2', '17');
INSERT INTO `parroquias` VALUES ('1052', '5', 'UNION', '2', '17');
INSERT INTO `parroquias` VALUES ('1053', '4', 'BOLIVAR     ', '3', '17');
INSERT INTO `parroquias` VALUES ('1054', '5', 'MACARAPANA     ', '3', '17');
INSERT INTO `parroquias` VALUES ('1055', '1', 'SANTA CATALINA     ', '3', '17');
INSERT INTO `parroquias` VALUES ('1056', '2', 'SANTA ROSA     ', '3', '17');
INSERT INTO `parroquias` VALUES ('1057', '3', 'SANTA TERESA', '3', '17');
INSERT INTO `parroquias` VALUES ('1058', '1', 'MARIGUITAR', '14', '17');
INSERT INTO `parroquias` VALUES ('1059', '2', 'LIBERTAD     ', '4', '17');
INSERT INTO `parroquias` VALUES ('1060', '3', 'PAUJIL     ', '4', '17');
INSERT INTO `parroquias` VALUES ('1061', '1', 'YAGUARAPARO', '4', '17');
INSERT INTO `parroquias` VALUES ('1062', '1', 'ARAYA     ', '15', '17');
INSERT INTO `parroquias` VALUES ('1063', '3', 'CHACOPATA     ', '15', '17');
INSERT INTO `parroquias` VALUES ('1064', '2', 'MANICUARE', '15', '17');
INSERT INTO `parroquias` VALUES ('1065', '2', 'CAMPO ELIAS     ', '12', '17');
INSERT INTO `parroquias` VALUES ('1066', '1', 'TUNAPUY', '12', '17');
INSERT INTO `parroquias` VALUES ('1067', '2', 'CAMPO CLARO     ', '5', '17');
INSERT INTO `parroquias` VALUES ('1068', '1', 'IRAPA     ', '5', '17');
INSERT INTO `parroquias` VALUES ('1069', '5', 'MARABAL     ', '5', '17');
INSERT INTO `parroquias` VALUES ('1070', '4', 'SAN ANTONIO DE IRAPA     ', '5', '17');
INSERT INTO `parroquias` VALUES ('1071', '3', 'SORO', '5', '17');
INSERT INTO `parroquias` VALUES ('1072', '1', 'SAN ANTONIO DEL GOLFO', '6', '17');
INSERT INTO `parroquias` VALUES ('1073', '2', 'ARENAS     ', '7', '17');
INSERT INTO `parroquias` VALUES ('1074', '3', 'ARICAGUA     ', '7', '17');
INSERT INTO `parroquias` VALUES ('1075', '4', 'COCOLLAR     ', '7', '17');
INSERT INTO `parroquias` VALUES ('1076', '1', 'CUMANACOA     ', '7', '17');
INSERT INTO `parroquias` VALUES ('1077', '5', 'SAN FERNANDO     ', '7', '17');
INSERT INTO `parroquias` VALUES ('1078', '6', 'SAN LORENZO', '7', '17');
INSERT INTO `parroquias` VALUES ('1079', '1', 'CARIACO     ', '8', '17');
INSERT INTO `parroquias` VALUES ('1080', '2', 'CATUARO     ', '8', '17');
INSERT INTO `parroquias` VALUES ('1081', '3', 'RENDON     ', '8', '17');
INSERT INTO `parroquias` VALUES ('1082', '4', 'SANTA CRUZ     ', '8', '17');
INSERT INTO `parroquias` VALUES ('1083', '5', 'SANTA MARIA', '8', '17');
INSERT INTO `parroquias` VALUES ('1084', '4', 'BIDEAU     ', '10', '17');
INSERT INTO `parroquias` VALUES ('1085', '2', 'CRISTOBAL COLON     ', '10', '17');
INSERT INTO `parroquias` VALUES ('1086', '1', 'GUIRIA     ', '10', '17');
INSERT INTO `parroquias` VALUES ('1087', '3', 'PUNTA DE PIEDRA', '10', '17');
INSERT INTO `parroquias` VALUES ('1088', '7', 'ANDRÉS ELOY BLANCO', '1', '4');
INSERT INTO `parroquias` VALUES ('1089', '2', 'CHORONI', '1', '4');
INSERT INTO `parroquias` VALUES ('1090', '4', 'JOAQUIN CRESPO', '1', '4');
INSERT INTO `parroquias` VALUES ('1091', '6', 'JOSÉ CASANOVA GODOY', '1', '4');
INSERT INTO `parroquias` VALUES ('1092', '1', 'LAS DELICIAS', '1', '4');
INSERT INTO `parroquias` VALUES ('1093', '8', 'LOS TACARIGUAS', '1', '4');
INSERT INTO `parroquias` VALUES ('1094', '3', 'MADRE MARÍA DE SAN JOSÉ', '1', '4');
INSERT INTO `parroquias` VALUES ('1095', '5', 'PEDRO JOSÉ OVALLES', '1', '4');
INSERT INTO `parroquias` VALUES ('1096', '1', 'SAN MATEO', '11', '4');
INSERT INTO `parroquias` VALUES ('1097', '1', 'CAMATAGUA', '15', '4');
INSERT INTO `parroquias` VALUES ('1098', '2', 'CARMEN DE CURA', '15', '4');
INSERT INTO `parroquias` VALUES ('1099', '1', 'SANTA RITA', '17', '4');
INSERT INTO `parroquias` VALUES ('1100', '2', 'FRANCISCO DE MIRANDA', '17', '4');
INSERT INTO `parroquias` VALUES ('1101', '3', 'MONSEÑOR FELICIANO GONZALÉZ', '17', '4');
INSERT INTO `parroquias` VALUES ('1102', '1', 'SANTA CRUZ', '10', '4');
INSERT INTO `parroquias` VALUES ('1103', '1', 'JUAN VICENTE BOLÍVAR', '3', '4');
INSERT INTO `parroquias` VALUES ('1104', '4', 'CASTOR NIEVES RÍOS', '3', '4');
INSERT INTO `parroquias` VALUES ('1105', '5', 'LAS GUACAMAYAS', '3', '4');
INSERT INTO `parroquias` VALUES ('1106', '3', 'PAO DE ZARATE', '3', '4');
INSERT INTO `parroquias` VALUES ('1107', '2', 'ZUATA', '3', '4');
INSERT INTO `parroquias` VALUES ('1108', '1', 'EL CONSEJO', '16', '4');
INSERT INTO `parroquias` VALUES ('1109', '1', 'PALO NEGRO', '9', '4');
INSERT INTO `parroquias` VALUES ('1110', '2', 'SAN MARTÍN DE PORRES', '9', '4');
INSERT INTO `parroquias` VALUES ('1111', '1', 'EL LIMÓN', '13', '4');
INSERT INTO `parroquias` VALUES ('1112', '2', 'CAÑA DE AZUCAR', '13', '4');
INSERT INTO `parroquias` VALUES ('1113', '1', 'OCUMARE DE LA COSTA', '18', '4');
INSERT INTO `parroquias` VALUES ('1114', '1', 'SAN CASIMIRO', '4', '4');
INSERT INTO `parroquias` VALUES ('1115', '3', 'GÜIRIPA', '4', '4');
INSERT INTO `parroquias` VALUES ('1116', '4', 'OLLAS DE CARAMACATE', '4', '4');
INSERT INTO `parroquias` VALUES ('1117', '2', 'VALLE MORÍN', '4', '4');
INSERT INTO `parroquias` VALUES ('1118', '1', 'SAN SEBASTIAN', '5', '4');
INSERT INTO `parroquias` VALUES ('1119', '1', 'TURMERO', '2', '4');
INSERT INTO `parroquias` VALUES ('1120', '3', 'ALFREDO PACHECO MIRANDA', '2', '4');
INSERT INTO `parroquias` VALUES ('1121', '5', 'AREVALO APONTE', '2', '4');
INSERT INTO `parroquias` VALUES ('1122', '4', 'CHUAO', '2', '4');
INSERT INTO `parroquias` VALUES ('1123', '2', 'SAMAN DE GÜERE', '2', '4');
INSERT INTO `parroquias` VALUES ('1124', '1', 'LAS TEJERÍAS', '12', '4');
INSERT INTO `parroquias` VALUES ('1125', '2', 'TIARA', '12', '4');
INSERT INTO `parroquias` VALUES ('1126', '1', 'CAGUA', '6', '4');
INSERT INTO `parroquias` VALUES ('1127', '2', 'BELLA VISTA', '6', '4');
INSERT INTO `parroquias` VALUES ('1128', '1', 'COLONIA TOVAR', '14', '4');
INSERT INTO `parroquias` VALUES ('1129', '1', 'BARBACOAS', '7', '4');
INSERT INTO `parroquias` VALUES ('1130', '4', 'LAS PEÑITAS', '7', '4');
INSERT INTO `parroquias` VALUES ('1131', '2', 'SAN FRANCISCO DE CARA', '7', '4');
INSERT INTO `parroquias` VALUES ('1132', '3', 'TAGUAY', '7', '4');
INSERT INTO `parroquias` VALUES ('1133', '1', 'VILLA DE CURA', '8', '4');
INSERT INTO `parroquias` VALUES ('1134', '2', 'MAGDALENO', '8', '4');
INSERT INTO `parroquias` VALUES ('1135', '5', 'AUGUSTO MIJARES', '8', '4');
INSERT INTO `parroquias` VALUES ('1136', '3', 'SAN FRANCISCO DE ASIS', '8', '4');
INSERT INTO `parroquias` VALUES ('1137', '4', 'VALLES DE TUCUTUNEMO', '8', '4');
INSERT INTO `parroquias` VALUES ('1138', '1', 'PETARE', '9', '13');
SET FOREIGN_KEY_CHECKS=1;
